-- MySQL dump 10.13  Distrib 8.0.19, for Win64 (x86_64)
--
-- Host: electro-hogar-proyecto-practica-electrohogar13-8038.b.aivencloud.com    Database: defaultdb
-- ------------------------------------------------------
-- Server version	8.0.45

/*!40101 SET @OLD_CHARACTER_SET_CLIENT=@@CHARACTER_SET_CLIENT */;
/*!40101 SET @OLD_CHARACTER_SET_RESULTS=@@CHARACTER_SET_RESULTS */;
/*!40101 SET @OLD_COLLATION_CONNECTION=@@COLLATION_CONNECTION */;
/*!50503 SET NAMES utf8mb4 */;
/*!40103 SET @OLD_TIME_ZONE=@@TIME_ZONE */;
/*!40103 SET TIME_ZONE='+00:00' */;
/*!40014 SET @OLD_UNIQUE_CHECKS=@@UNIQUE_CHECKS, UNIQUE_CHECKS=0 */;
/*!40014 SET @OLD_FOREIGN_KEY_CHECKS=@@FOREIGN_KEY_CHECKS, FOREIGN_KEY_CHECKS=0 */;
/*!40101 SET @OLD_SQL_MODE=@@SQL_MODE, SQL_MODE='NO_AUTO_VALUE_ON_ZERO' */;
/*!40111 SET @OLD_SQL_NOTES=@@SQL_NOTES, SQL_NOTES=0 */;
SET @MYSQLDUMP_TEMP_LOG_BIN = @@SESSION.SQL_LOG_BIN;
SET @@SESSION.SQL_LOG_BIN= 0;

--
-- GTID state at the beginning of the backup 
--

SET @@GLOBAL.GTID_PURGED=/*!80000 '+'*/ '6c65f758-2c52-11f1-a803-ba8beb527844:1-340,
e71da3cc-2661-11f1-9e59-4244c76863b9:1-15,
ea7eed42-23b6-11f1-94a3-8eb6e31c61c1:1-39,
f94b26e0-2931-11f1-87b3-aa06d4dc17f5:1-49';

--
-- Table structure for table `administradores`
--

DROP TABLE IF EXISTS `administradores`;
/*!40101 SET @saved_cs_client     = @@character_set_client */;
/*!50503 SET character_set_client = utf8mb4 */;
CREATE TABLE `administradores` (
  `id_admin` int NOT NULL AUTO_INCREMENT,
  `usuario` varchar(100) NOT NULL,
  `password_hash` varchar(255) NOT NULL,
  `estado` tinyint DEFAULT '1',
  PRIMARY KEY (`id_admin`),
  UNIQUE KEY `usuario` (`usuario`)
) ENGINE=InnoDB AUTO_INCREMENT=2 DEFAULT CHARSET=utf8mb4 COLLATE=utf8mb4_0900_ai_ci;
/*!40101 SET character_set_client = @saved_cs_client */;

--
-- Dumping data for table `administradores`
--

LOCK TABLES `administradores` WRITE;
/*!40000 ALTER TABLE `administradores` DISABLE KEYS */;
INSERT INTO `administradores` VALUES (1,'admin','$2y$10$T2a1f2wO/XvH/.b4Z1.h.eWfH/K6Y0.c8k1M7A.Q3D.n.N.O1C/8K',1);
/*!40000 ALTER TABLE `administradores` ENABLE KEYS */;
UNLOCK TABLES;

--
-- Table structure for table `banners`
--

DROP TABLE IF EXISTS `banners`;
/*!40101 SET @saved_cs_client     = @@character_set_client */;
/*!50503 SET character_set_client = utf8mb4 */;
CREATE TABLE `banners` (
  `id_banner` int NOT NULL AUTO_INCREMENT,
  `titulo` varchar(150) NOT NULL,
  `ruta_imagen` varchar(255) NOT NULL,
  `enlace` varchar(255) DEFAULT '#',
  `estado` tinyint DEFAULT '1',
  `orden` int DEFAULT '0',
  PRIMARY KEY (`id_banner`)
) ENGINE=InnoDB AUTO_INCREMENT=4 DEFAULT CHARSET=utf8mb4 COLLATE=utf8mb4_0900_ai_ci;
/*!40101 SET character_set_client = @saved_cs_client */;

--
-- Dumping data for table `banners`
--

LOCK TABLES `banners` WRITE;
/*!40000 ALTER TABLE `banners` DISABLE KEYS */;
INSERT INTO `banners` VALUES (1,'Promoción Navideña','banner_69ceae4a152bf.webp','http://localhost:3000/producto.php?id=4',1,1),(2,'Promoción Dia de la Madre','banner_69ceb73d9bb40.webp','http://localhost:3000/producto.php?id=22',1,2),(3,'Promoción mañanera','banner_69ceb72fed709.webp','http://localhost:3000/producto.php?id=19',1,0);
/*!40000 ALTER TABLE `banners` ENABLE KEYS */;
UNLOCK TABLES;

--
-- Table structure for table `categorias`
--

DROP TABLE IF EXISTS `categorias`;
/*!40101 SET @saved_cs_client     = @@character_set_client */;
/*!50503 SET character_set_client = utf8mb4 */;
CREATE TABLE `categorias` (
  `id_categoria` int NOT NULL AUTO_INCREMENT,
  `nombre` varchar(100) NOT NULL,
  `estado` tinyint DEFAULT '1',
  PRIMARY KEY (`id_categoria`)
) ENGINE=InnoDB AUTO_INCREMENT=26 DEFAULT CHARSET=utf8mb4 COLLATE=utf8mb4_0900_ai_ci;
/*!40101 SET character_set_client = @saved_cs_client */;

--
-- Dumping data for table `categorias`
--

LOCK TABLES `categorias` WRITE;
/*!40000 ALTER TABLE `categorias` DISABLE KEYS */;
INSERT INTO `categorias` VALUES (9,'Licuadoras',1),(10,'Extractores',1),(11,'Parrillas Eléctricas',1),(12,'Arroceras',1),(13,'Frigobar',1),(14,'Batidoras',1),(15,'Microondas',1),(16,'Campanas Extractoras',1),(17,'Cocinas',1),(18,'Cocinas Encimeras',1),(19,'Hervidoras Eléctricas',1),(20,'Ollas a Presión',1),(21,'Aspiradoras',1),(22,'Lavadoras',1),(23,'Ollas',1),(24,'Refrigeradoras',1);
/*!40000 ALTER TABLE `categorias` ENABLE KEYS */;
UNLOCK TABLES;

--
-- Table structure for table `clientes`
--

DROP TABLE IF EXISTS `clientes`;
/*!40101 SET @saved_cs_client     = @@character_set_client */;
/*!50503 SET character_set_client = utf8mb4 */;
CREATE TABLE `clientes` (
  `id_cliente` int NOT NULL AUTO_INCREMENT,
  `nombre` varchar(200) NOT NULL,
  `telefono` varchar(12) NOT NULL,
  `fecha_registro` timestamp NULL DEFAULT CURRENT_TIMESTAMP,
  PRIMARY KEY (`id_cliente`)
) ENGINE=InnoDB DEFAULT CHARSET=utf8mb4 COLLATE=utf8mb4_0900_ai_ci;
/*!40101 SET character_set_client = @saved_cs_client */;

--
-- Dumping data for table `clientes`
--

LOCK TABLES `clientes` WRITE;
/*!40000 ALTER TABLE `clientes` DISABLE KEYS */;
/*!40000 ALTER TABLE `clientes` ENABLE KEYS */;
UNLOCK TABLES;

--
-- Table structure for table `cotizaciones`
--

DROP TABLE IF EXISTS `cotizaciones`;
/*!40101 SET @saved_cs_client     = @@character_set_client */;
/*!50503 SET character_set_client = utf8mb4 */;
CREATE TABLE `cotizaciones` (
  `id_cotizacion` int NOT NULL AUTO_INCREMENT,
  `id_cliente` int DEFAULT NULL,
  `fecha` datetime DEFAULT CURRENT_TIMESTAMP,
  `total` decimal(10,2) NOT NULL,
  `estado` varchar(20) DEFAULT 'Pendiente',
  PRIMARY KEY (`id_cotizacion`),
  KEY `id_cliente` (`id_cliente`),
  CONSTRAINT `cotizaciones_ibfk_1` FOREIGN KEY (`id_cliente`) REFERENCES `clientes` (`id_cliente`)
) ENGINE=InnoDB DEFAULT CHARSET=utf8mb4 COLLATE=utf8mb4_0900_ai_ci;
/*!40101 SET character_set_client = @saved_cs_client */;

--
-- Dumping data for table `cotizaciones`
--

LOCK TABLES `cotizaciones` WRITE;
/*!40000 ALTER TABLE `cotizaciones` DISABLE KEYS */;
/*!40000 ALTER TABLE `cotizaciones` ENABLE KEYS */;
UNLOCK TABLES;

--
-- Table structure for table `detalles_cotizacion`
--

DROP TABLE IF EXISTS `detalles_cotizacion`;
/*!40101 SET @saved_cs_client     = @@character_set_client */;
/*!50503 SET character_set_client = utf8mb4 */;
CREATE TABLE `detalles_cotizacion` (
  `id_detalle` int NOT NULL AUTO_INCREMENT,
  `id_cotizacion` int DEFAULT NULL,
  `id_producto` int DEFAULT NULL,
  `cantidad` int NOT NULL,
  `precio_unitario` decimal(10,2) NOT NULL,
  PRIMARY KEY (`id_detalle`),
  KEY `id_cotizacion` (`id_cotizacion`),
  KEY `id_producto` (`id_producto`),
  CONSTRAINT `detalles_cotizacion_ibfk_1` FOREIGN KEY (`id_cotizacion`) REFERENCES `cotizaciones` (`id_cotizacion`) ON DELETE CASCADE,
  CONSTRAINT `detalles_cotizacion_ibfk_2` FOREIGN KEY (`id_producto`) REFERENCES `productos` (`id_producto`)
) ENGINE=InnoDB DEFAULT CHARSET=utf8mb4 COLLATE=utf8mb4_0900_ai_ci;
/*!40101 SET character_set_client = @saved_cs_client */;

--
-- Dumping data for table `detalles_cotizacion`
--

LOCK TABLES `detalles_cotizacion` WRITE;
/*!40000 ALTER TABLE `detalles_cotizacion` DISABLE KEYS */;
/*!40000 ALTER TABLE `detalles_cotizacion` ENABLE KEYS */;
UNLOCK TABLES;

--
-- Table structure for table `especificaciones`
--

DROP TABLE IF EXISTS `especificaciones`;
/*!40101 SET @saved_cs_client     = @@character_set_client */;
/*!50503 SET character_set_client = utf8mb4 */;
CREATE TABLE `especificaciones` (
  `id_especificacion` int NOT NULL AUTO_INCREMENT,
  `id_producto` int DEFAULT NULL,
  `nombre_atributo` varchar(150) NOT NULL,
  `valor_atributo` varchar(200) NOT NULL,
  PRIMARY KEY (`id_especificacion`),
  KEY `id_producto` (`id_producto`),
  CONSTRAINT `especificaciones_ibfk_1` FOREIGN KEY (`id_producto`) REFERENCES `productos` (`id_producto`) ON DELETE CASCADE
) ENGINE=InnoDB AUTO_INCREMENT=11178 DEFAULT CHARSET=utf8mb4 COLLATE=utf8mb4_0900_ai_ci;
/*!40101 SET character_set_client = @saved_cs_client */;

--
-- Dumping data for table `especificaciones`
--

LOCK TABLES `especificaciones` WRITE;
/*!40000 ALTER TABLE `especificaciones` DISABLE KEYS */;
INSERT INTO `especificaciones` VALUES (31,1,'Alto','35 cm'),(32,1,'Ancho','22 cm'),(33,1,'Color','Silver'),(34,1,'Garantía','1 año por falla de fábrica'),(35,1,'Incluye','Según manual'),(36,1,'Modelo','2174273'),(37,1,'Profundidad','26 cm'),(38,1,'Potencia Electrodomésticos','800W'),(39,1,'Número De Velocidades','6'),(40,1,'Material De La Tapa','Plástico de alto impacto'),(41,1,'Número De Programas','No aplica'),(42,1,'Material De La Base','Plástico de alto impacto'),(43,1,'Material del Vaso','vidrio refractario'),(44,1,'Cuchillas De Acero Inox','Sí'),(45,1,'Capacidad Electrodomésticos','1.5L'),(46,2,'Alto','35 cm'),(47,2,'Ancho','22 cm'),(48,2,'Color','Rojo'),(49,2,'Garantía','1 año por falla de fábrica'),(50,2,'Incluye','Según manual'),(51,2,'Modelo','2174286'),(52,2,'Profundidad','26 cm'),(53,2,'Potencia Electrodomésticos','800W'),(54,2,'Número De Velocidades','6'),(55,2,'Material De La Tapa','Plástico de alto impacto'),(56,2,'Número De Programas','No aplica'),(57,2,'Material De La Base','Plástico de alto impacto'),(58,2,'Material del Vaso','vidrio refractario'),(59,2,'Cuchillas De Acero Inox','Sí'),(60,2,'Capacidad Electrodomésticos','1.5L'),(9569,290,'Alto','33.5 cm'),(9570,290,'Modelo','BLST4126R-053'),(9571,290,'Ancho','19.2 cm'),(9572,290,'Color','Rojo'),(9573,290,'Potencia','700W'),(9574,290,'Profundidad','23.5 cm'),(9575,290,'Velocidades','3'),(9576,290,'Programas','No'),(9577,290,'Material De La Base','Metal'),(9578,290,'Material Del Vaso','Vidrio'),(9579,290,'Cuchillas Acero Inox','Sí'),(9580,290,'Capacidad','1.25L'),(9581,291,'Alto','33.97 cm'),(9582,291,'Ancho','26.3 cm'),(9583,291,'Color','Rojo'),(9584,291,'Garantía','1 año por falla de fábrica'),(9585,291,'Incluye','Según manual'),(9586,291,'Modelo','BLSTKAG-RPB-053'),(9587,291,'Profundidad','18.41 cm'),(9588,291,'Potencia','550W'),(9589,291,'Velocidades','2'),(9590,291,'Material De La Tapa','Plástico de alto impacto'),(9591,291,'Material De La Base','Plástico de alto impacto'),(9592,291,'Material Del Vaso','vidrio refractario'),(9593,291,'Cuchillas Acero Inox','Sí'),(9594,291,'Capacidad','1.5L'),(9595,292,'Alto','35 cm'),(9596,292,'Ancho','22 cm'),(9597,292,'Color','Negro'),(9598,292,'Garantía','1 año por falla de fábrica'),(9599,292,'Incluye','Según manual'),(9600,292,'Modelo','BLSTBPST-053'),(9601,292,'Profundidad','20 cm'),(9602,292,'Potencia','600W'),(9603,292,'Velocidades','2'),(9604,292,'Material De La Tapa','Plástico de alto impacto'),(9605,292,'Material De La Base','Plástico de alto impacto'),(9606,292,'Material Del Vaso','Vidrio refractario'),(9607,292,'Cuchillas Acero Inox','Sí'),(9608,292,'Capacidad','1.5L'),(9609,293,'Alto','38.48 cm'),(9610,293,'Ancho','20.96 cm'),(9611,293,'Color','Cromado'),(9612,293,'Garantía','1 año por falla de fábrica'),(9613,293,'Incluye','Según manual'),(9614,293,'Modelo','BLST4655'),(9615,293,'Profundidad','21.27 cm'),(9616,293,'Potencia','700W'),(9617,293,'Velocidades','3'),(9618,293,'Material De La Tapa','Plástico de alto impacto'),(9619,293,'Material De La Base','Metal'),(9620,293,'Material Del Vaso','vidrio refractario'),(9621,293,'Cuchillas Acero Inox','Sí'),(9622,293,'Capacidad','1.25L'),(9623,294,'Alto','33.97 cm'),(9624,294,'Ancho','26.3 cm'),(9625,294,'Color','Silver'),(9626,294,'Garantía','1 año por falla de fábrica'),(9627,294,'Incluye','Según manual'),(9628,294,'Modelo','BLSTKAGNPB053'),(9629,294,'Profundidad','18.41 cm'),(9630,294,'Potencia','550W'),(9631,294,'Velocidades','2'),(9632,294,'Material De La Tapa','Plástico de alto impacto'),(9633,294,'Material De La Base','Plástico'),(9634,294,'Material Del Vaso','Vidrio refractario'),(9635,294,'Cuchillas Acero Inox','Sí'),(9636,294,'Capacidad','1.5L'),(9637,295,'Alto','42.55 cm'),(9638,295,'Ancho','19.69 cm'),(9639,295,'Color','Silver'),(9640,295,'Garantía','1 año por falla de fábrica'),(9641,295,'Incluye','Según manual'),(9642,295,'Modelo','BLSTPBTG-053'),(9643,295,'Profundidad','19.69 cm'),(9644,295,'Potencia','1100W'),(9645,295,'Velocidades','1'),(9646,295,'Programas','No'),(9647,295,'Material De La Tapa','Plástico de alto impacto'),(9648,295,'Material De La Base','Metal'),(9649,295,'Material Del Vaso','Vidrio'),(9650,295,'Cuchillas Acero Inox','Sí'),(9651,295,'Capacidad','1.75L'),(9652,296,'Alto','40.96 cm'),(9653,296,'Ancho','51.28 cm'),(9654,296,'Color','Silver'),(9655,296,'Garantía','1 año por falla de fábrica'),(9656,296,'Incluye','Incluye una guía de nutrición con más de 70 recetas saludables como parte de un plan de cinco comidas al día, Vaso Blend N Go'),(9657,296,'Modelo','BLSTTDGNBG'),(9658,296,'Profundidad','31.28 cm'),(9659,296,'Potencia','1100W'),(9660,296,'Velocidades','3'),(9661,296,'Programas','5'),(9662,296,'Material De La Tapa','Plástico de alto impacto'),(9663,296,'Material De La Base','Acero'),(9664,296,'Material Del Vaso','Vidrio refractario'),(9665,296,'Cuchillas Acero Inox','Sí'),(9666,296,'Capacidad','2L'),(9667,297,'Alto','40.96 cm'),(9668,297,'Ancho','51.28 cm'),(9669,297,'Color','Rojo'),(9670,297,'Garantía','1 año por falla de fábrica'),(9671,297,'Incluye','Vaso Blend N Go y Libro de recetas'),(9672,297,'Modelo','BLSTTDG-RGB-053'),(9673,297,'Profundidad','31.28 cm'),(9674,297,'Potencia','1100W'),(9675,297,'Velocidades','3'),(9676,297,'Programas','5'),(9677,297,'Material De La Tapa','Plástico de alto impacto'),(9678,297,'Material De La Base','Plástico de alto impacto'),(9679,297,'Material Del Vaso','Vidrio refractario'),(9680,297,'Cuchillas Acero Inox','Sí'),(9681,297,'Capacidad','2L'),(9682,298,'Alto','33.97 cm'),(9683,298,'Ancho','26.03 cm'),(9684,298,'Color','Rojo'),(9685,298,'Garantía','1 año por falla de fábrica'),(9686,298,'Incluye','Según manual'),(9687,298,'Modelo','BLSTKAGRRD'),(9688,298,'Profundidad','18.41 cm'),(9689,298,'Potencia','550W'),(9690,298,'Velocidades','2'),(9691,298,'Programas','1'),(9692,298,'Material De La Base','Plástico'),(9693,298,'Material Del Vaso','Vidrio'),(9694,298,'Cuchillas Acero Inox','Sí'),(9695,298,'Capacidad','1.5L'),(9696,299,'Alto','41.9 cm'),(9697,299,'Ancho','20.7 cm'),(9698,299,'Color','Rojo'),(9699,299,'Garantía','1 año por falla de fábrica'),(9700,299,'Incluye','Según manual'),(9701,299,'Modelo','Xpert Series'),(9702,299,'Profundidad','18.1 cm'),(9703,299,'Potencia','1100W'),(9704,299,'Velocidades','3'),(9705,299,'Material De La Tapa','Plástico hermético'),(9706,299,'Programas','2'),(9707,299,'Material De La Base','Plástico resistente con acople metálico'),(9708,299,'Material Del Vaso','Vidrio borosilicato'),(9709,299,'Cuchillas Acero Inox','Sí'),(9710,299,'Capacidad','2L'),(9711,300,'Alto','33.97 cm'),(9712,300,'Ancho','26.3 cm'),(9713,300,'Color','Sandía'),(9714,300,'Garantía','1 año por falla de fábrica'),(9715,300,'Incluye','Según manual'),(9716,300,'Modelo','BLSTKAGMPB053'),(9717,300,'Profundidad','18.41 cm'),(9718,300,'Potencia','550W'),(9719,300,'Velocidades','2'),(9720,300,'Material De La Tapa','Plástico de alto impacto'),(9721,300,'Programas','No'),(9722,300,'Material De La Base','Plástico de alto impacto'),(9723,300,'Material Del Vaso','vidrio refractario'),(9724,300,'Cuchillas Acero Inox','Sí'),(9725,300,'Capacidad','1.5L'),(9726,301,'Alto','33.97 cm'),(9727,301,'Ancho','26.3 cm'),(9728,301,'Color','Negro'),(9729,301,'Garantía','1 año por falla de fábrica'),(9730,301,'Incluye','Según manual'),(9731,301,'Modelo','BLSTKAGBPB'),(9732,301,'Profundidad','18.41 cm'),(9733,301,'Potencia','550W'),(9734,301,'Voltaje','120-220V'),(9735,301,'Velocidades','2'),(9736,301,'Número De Funciones','2'),(9737,301,'Tipo De Panel','Análogo'),(9738,301,'Tipo De Vidrio','Templado'),(9739,301,'Tipo De Conexión','Alámbrico'),(9740,301,'Material De La Base','Acero Templado/Níquel'),(9741,301,'Material Del Vaso','Vidrio resistente a choque térmico 90°C'),(9742,301,'Cuchillas Acero Inox','Sí'),(9743,301,'Capacidad','1.5L'),(9744,302,'Alto','33.97 cm'),(9745,302,'Ancho','26.3 cm'),(9746,302,'Color','Blanco'),(9747,302,'Garantía','1 año por falla de fábrica'),(9748,302,'Incluye','1 vaso, 1 base y 1 tapa'),(9749,302,'Modelo','BLSTKAGWRD'),(9750,302,'Profundidad','18.41 cm'),(9751,302,'Potencia','550W'),(9752,302,'Tipo De Energía','Eléctrico'),(9753,302,'Tipo De Panel','Análogo'),(9754,302,'Tipo De Vidrio','Templado'),(9755,302,'Tipo De Conexión','Alámbrico'),(9756,302,'Número De Funciones','2'),(9757,302,'Recomendaciones De Uso','Lavar muy bien luego de cada uso'),(9758,302,'Material','Acero Templado/Níquel'),(9759,302,'Material Del Vaso','Vidrio resistente a choque térmico 90°C'),(9760,302,'Cuchillas Acero Inox','Sí'),(9761,302,'Capacidad','1.5L'),(9762,303,'Alto','36 cm'),(9763,303,'Ancho','30.20 cm'),(9764,303,'Color','Rojo'),(9765,303,'Garantía','1 año por falla de fábrica'),(9766,303,'Incluye','01 vaso Blend N Go de 750ml'),(9767,303,'Modelo','BLST3B-RPG'),(9768,303,'Profundidad','28.90 cm'),(9769,303,'Potencia','1500W de potencia pico'),(9770,303,'Velocidades','3'),(9771,303,'Programas','3'),(9772,303,'Características','Tecnología reversible y control de textura'),(9773,303,'Material De La Base','Plástico'),(9774,303,'Material Del Vaso','Vidrio refractario'),(9775,303,'Cuchillas Acero Inox','Sí'),(9776,303,'Capacidad','2L'),(9777,304,'Alto','42 cm'),(9778,304,'Ancho','30.9 cm'),(9779,304,'Color','Silver'),(9780,304,'Garantía','1 año'),(9781,304,'Incluye','Según manual'),(9782,304,'Modelo','FPSTJE320S / 2107387'),(9783,304,'Profundidad','21.3 cm'),(9784,304,'Potencia','600W'),(9785,304,'Velocidades','2'),(9786,304,'Apagado Automático','No'),(9787,304,'Material De La Base','Combinación de plástico y acero inoxidable'),(9788,304,'Material Del Vaso','Acrílico'),(9789,304,'Cuchillas Acero Inox','Sí'),(9790,304,'Capacidad','1.25L'),(9791,305,'Alto','45 cm'),(9792,305,'Ancho','32 cm'),(9793,305,'Color','Plateado / Negro'),(9794,305,'Garantía','1 año por falla de fábrica'),(9795,305,'Incluye','Según manual'),(9796,305,'Modelo','FPSTJE318C'),(9797,305,'Profundidad','20.5 cm'),(9798,305,'Peso','5.6kg'),(9799,305,'Potencia','1100W'),(9800,305,'Velocidades','2'),(9801,305,'Autolimpieza','Sí'),(9802,305,'Características','Tubo de alimentación extra grande para frutas y vegetales enteros'),(9803,305,'Material De La Base','Metal / Plástico'),(9804,305,'Material Del Vaso','Acrílico'),(9805,305,'Cuchillas Acero Inox','Filtro de malla de acero inoxidable'),(9806,305,'Capacidad','1.25L'),(9807,306,'Alto','42 cm'),(9808,306,'Ancho','31.5 cm'),(9809,306,'Color','Silver'),(9810,306,'Garantía','1 año'),(9811,306,'Incluye','Según manual'),(9812,306,'Modelo','FPSTJE317S051'),(9813,306,'Profundidad','21.5 cm'),(9814,306,'Peso','3.9kg'),(9815,306,'Potencia','600W'),(9816,306,'Velocidades','2'),(9817,306,'Características','Filtro antiadherente de fácil limpieza y tubo de alimentación extra grande'),(9818,306,'Material De La Base','Plástico de alto impacto'),(9819,306,'Material Del Jarro','Polipropileno'),(9820,306,'Cuchillas Acero Inox','Filtro de acero inoxidable antiadherente'),(9821,306,'Capacidad','1.25L'),(9822,307,'Alto','52 cm'),(9823,307,'Ancho','37 cm'),(9824,307,'Color','Rojo'),(9825,307,'Garantía','1 año por falla de fábrica'),(9826,307,'Incluye','Según manual'),(9827,307,'Modelo','FPSTJE317R051'),(9828,307,'Profundidad','25.2 cm'),(9829,307,'Peso','4kg'),(9830,307,'Potencia','600W'),(9831,307,'Velocidades','2'),(9832,307,'Apagado Automático','No'),(9833,307,'Material De La Base','Plástico de alto impacto'),(9834,307,'Material Del Vaso','Polipropileno'),(9835,307,'Cuchillas Acero Inox','Sí'),(9836,307,'Capacidad','1.25L'),(9837,308,'Alto','42 cm'),(9838,308,'Ancho','18 cm'),(9839,308,'Color','Rojo y negro'),(9840,308,'Garantía','1 año'),(9841,308,'Incluye','Manual'),(9842,308,'Modelo','FPSTJE4000R'),(9843,308,'Profundidad','20 cm'),(9844,308,'Potencia','150W'),(9845,308,'Tipo De Panel','Análogo'),(9846,308,'Sistema Antigoteo','Sí'),(9847,308,'Base Antideslizante','Sí'),(9848,308,'Piezas Aptas Lava Vajillas','Sí'),(9849,308,'Material De La Jarra','Plástico'),(9850,308,'Cuchillas Acero Inox','Acero inoxidable'),(9851,308,'Capacidad','Jarra 500ml / Pulpa 500ml'),(9852,309,'Alto','52.80 cm'),(9853,309,'Ancho','35.70 cm'),(9854,309,'Color','Rojo'),(9855,309,'Garantía','1 año'),(9856,309,'Incluye','Según manual'),(9857,309,'Modelo','FPSTJE320R053'),(9858,309,'Profundidad','22.50 cm'),(9859,309,'Peso Con Empaque','4.23kg'),(9860,309,'Potencia','600W'),(9861,309,'Tipo De Panel','Análogo'),(9862,309,'Velocidades','2 + pulso'),(9863,309,'Sistema Antigoteo','No'),(9864,309,'Base Antideslizante','Sí'),(9865,309,'Piezas Aptas Lava Vajillas','No'),(9866,309,'Material De La Jarra','Plástico de alto impacto'),(9867,309,'Cuchillas Acero Inox','Acero inoxidable'),(9868,309,'Capacidad','1.25L'),(9869,310,'Alto','28 cm'),(9870,310,'Ancho','27 cm'),(9871,310,'Color','Blanco y Silver'),(9872,310,'Garantía','1 año'),(9873,310,'Incluye','Manual de usuario'),(9874,310,'Modelo','FPSTJE316W'),(9875,310,'Profundidad','18 cm'),(9876,310,'Potencia','400W'),(9877,310,'Tipo De Panel','Análogo'),(9878,310,'Velocidades','1'),(9879,310,'Sistema Antigoteo','No'),(9880,310,'Base Antideslizante','Sí'),(9881,310,'Piezas Aptas Lava Vajillas','Sí'),(9882,310,'Material De La Jarra','Plástico'),(9883,310,'Cuchillas Acero Inox','Acero inoxidable'),(9884,310,'Capacidad','Recipiente pulpa 1L / Jarra jugo 500ml'),(9885,311,'Alto','28 cm'),(9886,311,'Ancho','27 cm'),(9887,311,'Color','Rojo y Blanco'),(9888,311,'Garantía','1 año'),(9889,311,'Incluye','Manual de usuario'),(9890,311,'Modelo','FPSTJE316W'),(9891,311,'Profundidad','18 cm'),(9892,311,'Potencia','400W'),(9893,311,'Tipo De Panel','Análogo'),(9894,311,'Velocidades','1'),(9895,311,'Sistema Antigoteo','No'),(9896,311,'Base Antideslizante','Sí'),(9897,311,'Piezas Aptas Lava Vajillas','Sí'),(9898,311,'Material De La Jarra','Plástico'),(9899,311,'Cuchillas Acero Inox','Acero inoxidable'),(9900,311,'Capacidad','Recipiente pulpa 1L / Jarra jugo 500ml'),(9901,312,'Alto','25 cm'),(9902,312,'Ancho','60 cm'),(9903,312,'Largo','40 cm'),(9904,312,'Color Principal','Negro'),(9905,312,'Garantía','1 año por falla de fábrica'),(9906,312,'Incluye','Según manual'),(9907,312,'Modelo','CKSTGR4768'),(9908,312,'Peso','3.5kg'),(9909,312,'Potencia','1150W'),(9910,312,'Niveles De Temperatura','3'),(9911,312,'Tipo De Parrilla','Portátil'),(9912,312,'Tipo De Encendido Parrilla','Eléctrica'),(9913,312,'Material Parrilla','Hierro Fundido'),(9914,312,'Material De Las Rejillas','hierro laminado'),(9915,312,'Bandeja Para Recoger Cenizas','Sí'),(9916,312,'Manijas','Sí'),(9917,312,'Diámetro','10'),(9918,312,'Ruedas','No'),(9919,312,'Número De Quemadores','1'),(9920,313,'Alto','33.70 cm'),(9921,313,'Ancho','9.60 cm'),(9922,313,'Color','Negro'),(9923,313,'Garantía','1 año'),(9924,313,'Incluye','Manual de usuario'),(9925,313,'Modelo','CKSTGR5085-053'),(9926,313,'Profundidad','61.10 cm'),(9927,313,'Potencia','1450W'),(9928,313,'Control De Temperatura','Manual'),(9929,313,'Número De Bandejas','1'),(9930,313,'Parrilla','Sí'),(9931,313,'Programas','5'),(9932,313,'Superficie Lisa Antiadherente','Sí'),(9933,313,'Asa Aislante De Calor','Sí'),(9934,313,'Material De La Estructura','Biocerámica'),(9935,313,'Recipiente Para Residuos','Sí'),(9936,313,'Luz De Encendido','Sí'),(9937,313,'Temperatura Máxima De Trabajo','205°C'),(9938,314,'Alto','24 cm'),(9939,314,'Ancho','29 cm'),(9940,314,'Color','Rojo'),(9941,314,'Garantía','1 año'),(9942,314,'Incluye','Manual de usuario, espatula'),(9943,314,'Modelo','CKSTRC1700R'),(9944,314,'Profundidad','29 cm'),(9945,314,'Peso','12.5kg'),(9946,314,'Potencia','700W'),(9947,314,'Tipo De Panel','Análogo'),(9948,314,'Capacidad','1.8L'),(9949,314,'Función Sofrito','No'),(9950,314,'Antiadherente','Sí'),(9951,314,'Luz De Encendido','Sí'),(9952,314,'Base Antideslizante','Sí'),(9953,314,'Material De La Tapa','Vidrio refractario'),(9954,314,'Vaporera Incluida','No'),(9955,315,'Alto','41.7 cm'),(9956,315,'Ancho','36 cm'),(9957,315,'Color','Silver/Gris'),(9958,315,'Garantía','1 año'),(9959,315,'Incluye','Cesta de freír con aire, taza medidora y cucharón'),(9960,315,'Modelo','CKSTRCAF22053'),(9961,315,'Profundidad','36 cm'),(9962,315,'Peso Con Empaque','5.3kg'),(9963,315,'Potencia','1050W'),(9964,315,'Control De Temperatura','Digital'),(9965,315,'Programas','10'),(9966,315,'Funciones','Freír al aire, Arroz, Cocción lenta, Vaporera, Asar, Hervir, Sofrito, Sopa/Guiso, Mantener caliente'),(9967,315,'Material','BIOCERAMIC™ infundido con aceite de oliva'),(9968,315,'Capacidad','2.2L'),(9969,315,'Uso De Aceite','99.5% menos aceite'),(9970,315,'Pantalla Digital','Sí'),(9971,315,'Antiadherente','Sí'),(9972,315,'Base Antideslizante','Sí'),(9973,315,'Material De La Tapa','Vidrio'),(9974,316,'Alto','24 cm'),(9975,316,'Ancho','29 cm'),(9976,316,'Color','Negro'),(9977,316,'Garantía','1 año'),(9978,316,'Incluye','Manual de usuario, cucharón'),(9979,316,'Modelo','CKSTRC1700B053'),(9980,316,'Profundidad','29 cm'),(9981,316,'Peso','12.5kg'),(9982,316,'Potencia','700W'),(9983,316,'Tipo De Panel','Análogo'),(9984,316,'Capacidad','1.8L'),(9985,316,'Función Sofrito','No'),(9986,316,'Antiadherente','Sí'),(9987,316,'Luz De Encendido','Sí'),(9988,316,'Base Antideslizante','Sí'),(9989,316,'Material De La Tapa','Vidrio refractario'),(9990,316,'Vaporera Incluida','No'),(9991,317,'Alto','25cm'),(9992,317,'Ancho','29cm'),(9993,317,'Color','Sandía'),(9994,317,'Garantía','1 año'),(9995,317,'Incluye','Taza medidora y cucharón'),(9996,317,'Modelo','CKSTRC8029M'),(9997,317,'Profundidad','29 cm'),(9998,317,'Potencia','700W'),(9999,317,'Dimensiones','25x29x29cm'),(10000,317,'Voltaje','220V'),(10001,317,'Programas','3'),(10002,317,'Material De Electrodomésticos','Aluminio'),(10003,317,'Antiadherente','Sí'),(10004,317,'Capacidad','1.8 lt.'),(10005,317,'Tipo De Ensamblado','Totalmente ensamblado'),(10006,317,'Requiere Serial Number','No'),(10007,318,'Alto','36 cm'),(10008,318,'Ancho','35 cm'),(10009,318,'Color','Silver'),(10010,318,'Garantía','1 año'),(10011,318,'Incluye','Taza medidora de 180ml, cucharón y vaporera'),(10012,318,'Modelo','CKSTRC7030S'),(10013,318,'Profundidad','30 cm'),(10014,318,'Potencia','900W'),(10015,318,'Capacidad','2.2 lt'),(10016,318,'Material De Electrodomésticos','Acero inoxidable'),(10017,318,'Antiadherente','Sí'),(10018,318,'Programas','5'),(10019,318,'Tipo De Ensamblado','Listo para ensamblar'),(10020,318,'Dimensiones','36 x 30 x 35 CM'),(10021,318,'Recipiente','Sí'),(10022,319,'Alto','32.50 cm'),(10023,319,'Ancho','29.40 cm'),(10024,319,'Color','Rojo'),(10025,319,'Garantía','1 año'),(10026,319,'Incluye','Bandeja de Vapor 2.5L, Taza medidora y cucharón'),(10027,319,'Modelo','CKSTRC5731R'),(10028,319,'Profundidad','26.5 cm'),(10029,319,'Potencia','700W'),(10030,319,'Consumo Energético','A'),(10031,319,'Material De Electrodomésticos','ABS'),(10032,319,'Tipo De Ensamblado','Totalmente ensamblado'),(10033,319,'Antiadherente','Sí'),(10034,319,'Capacidad','1.8 lt'),(10035,319,'Programas','1'),(10036,320,'Alto','31.60 cm'),(10037,320,'Ancho','31.50 cm'),(10038,320,'Color','Blanco'),(10039,320,'Garantía','1 año por falla de fábrica'),(10040,320,'Incluye','Taza medidora y cucharon'),(10041,320,'Modelo','CKSTRC5730W-053'),(10042,320,'Profundidad','30.5 cm'),(10043,320,'Potencia','900W'),(10044,320,'Control De Temperatura','No'),(10045,320,'Temporizador','No'),(10046,320,'Antideslizante','Sí'),(10047,320,'Material','Antiadherente'),(10048,320,'Apagado Automático','Sí'),(10049,320,'Material De La Tapa','Vidrio refractario'),(10050,320,'Capacidad','2.2L'),(10051,320,'Recetario','No'),(10052,320,'Función Sofrito','No'),(10053,320,'Pantalla Digital','No'),(10054,321,'Alto','30.80 cm'),(10055,321,'Ancho','29 cm'),(10056,321,'Color','Silver'),(10057,321,'Garantía','1 año'),(10058,321,'Incluye','Taza medidora, cucharón para servir y vaporera'),(10059,321,'Modelo','CKSTRC7129S-053'),(10060,321,'Profundidad','29 cm'),(10061,321,'Potencia','700W'),(10062,321,'Material','Bioceramic infundido con aceite de oliva'),(10063,321,'Capacidad','1.8L'),(10064,321,'Control De Temperatura','No'),(10065,321,'Temporizador','No'),(10066,321,'Antideslizante','Sí'),(10067,321,'Apagado Automático','Sí'),(10068,321,'Material De La Tapa','Vidrio refractario'),(10069,321,'Programas','1'),(10070,321,'Recipiente','Sí'),(10071,322,'Alto','30.60 cm'),(10072,322,'Ancho','30.50 cm'),(10073,322,'Color','Rojo'),(10074,322,'Garantía','1 año'),(10075,322,'Incluye','Taza medidora de 180ml, cucharón y vaporera'),(10076,322,'Modelo','CKSTRC7130R'),(10077,322,'Profundidad','30.50 cm'),(10078,322,'Potencia','900W'),(10079,322,'Material','Bioceramic infundido con aceite de oliva'),(10080,322,'Capacidad','2.2L'),(10081,322,'Tipo De Panel','Análogo'),(10082,322,'Material De La Estructura','Acero'),(10083,322,'Luz Piloto','Sí'),(10084,322,'Material De La Tapa','Vidrio'),(10085,322,'Programas','1'),(10086,322,'Recipiente','Sí'),(10087,323,'Alto','34.0 cm'),(10088,323,'Ancho','34.0 cm'),(10089,323,'Color','Rojo'),(10090,323,'Garantía','1 año por falla de fábrica'),(10091,323,'Incluye','Bandeja de Vapor 2.5L, Taza medidora y cucharón'),(10092,323,'Modelo','CKSTRC9030R053'),(10093,323,'Profundidad','34.0 cm'),(10094,323,'Peso Con Empaque','3.94kg'),(10095,323,'Potencia','900W'),(10096,323,'Tipo De Panel','Digital'),(10097,323,'Programas','10'),(10098,323,'Funciones','Sofrito y otras 9 funciones'),(10099,323,'Temporizador','Sí'),(10100,323,'Material','Bioceramic infundido con aceite de oliva'),(10101,323,'Capacidad','2.2L'),(10102,323,'Pantalla Digital','Sí'),(10103,323,'Material De La Tapa','Vidrio refractario'),(10104,323,'Vaporera Incluida','Sí'),(10105,323,'Antiadherente','Sí'),(10106,324,'Alto','84 cm'),(10107,324,'Ancho','56 cm'),(10108,324,'Color','Blanco'),(10109,324,'Garantía','1 año'),(10110,324,'Incluye','Manual de usuario y llaves de seguridad'),(10111,324,'Modelo','PMB129WT'),(10112,324,'Profundidad','50 cm'),(10113,324,'Peso','23kg'),(10114,324,'Capacidad','122L'),(10115,324,'Eficiencia Energética','A'),(10116,324,'Sistema De Refrigeración','Frost/Defrost'),(10117,324,'Seguro Con Llave','Sí'),(10118,324,'Compresor','Normal / Constant Speed'),(10119,324,'Número De Bandejas','2'),(10120,324,'Material De La Bandeja','Vidrio templado'),(10121,324,'Número De Cajones','1'),(10122,324,'Patas Ajustables','Sí'),(10123,324,'Consumo','145 Kwh/año'),(10124,324,'Refrigerante','R600a'),(10125,325,'Alto','86 cm'),(10126,325,'Ancho','47.2 cm'),(10127,325,'Color','Gris'),(10128,325,'Garantía','1 Año'),(10129,325,'Incluye','Manual y llave de seguridad'),(10130,325,'Modelo','ERD092MMG'),(10131,325,'Profundidad','45 cm'),(10132,325,'Peso','21kg'),(10133,325,'Capacidad','90L'),(10134,325,'Eficiencia Energética','A'),(10135,325,'Material De Electrodomésticos','Acero inoxidable'),(10136,325,'Material De Las Bandejas','Alambrón'),(10137,325,'Puerta Reversible','Sí'),(10138,325,'Tipo De Refrigerante','R600a'),(10139,325,'Voltaje','220V/60Hz'),(10140,325,'Control De Temperatura','Mecánico'),(10141,325,'Consumo Energético','127.75 kWh/año'),(10142,325,'Clase Climática','ST'),(10143,325,'Llave De Seguridad','Sí'),(10144,326,'Alto','85 cm'),(10145,326,'Ancho','47.5 cm'),(10146,326,'Color','Gris'),(10147,326,'Garantía','1 año'),(10148,326,'Incluye','Manual de usuario y llaves'),(10149,326,'Modelo','ERD090G2HWG'),(10150,326,'Profundidad','44.5 cm'),(10151,326,'Peso','19.5kg'),(10152,326,'Capacidad','90L'),(10153,326,'Sistema De Enfriamiento','Frost'),(10154,326,'Eficiencia Energética','A'),(10155,326,'Consumo','148 KWH/AÑO'),(10156,326,'Iluminacion Interior','Sí'),(10157,326,'Puertas Reversibles','Sí'),(10158,326,'Llave De Seguridad','Sí'),(10159,326,'Refrigerante','R600a'),(10160,326,'Cantidad De Bandejas','2'),(10161,326,'Cantidad De Cajones','1'),(10162,326,'Control De Temperatura','Sí'),(10163,327,'Alto','85 cm'),(10164,327,'Ancho','47.5 cm'),(10165,327,'Color','Negro'),(10166,327,'Garantía','1 año'),(10167,327,'Incluye','Manual de usuario y llaves'),(10168,327,'Modelo','ERD090G2HWB'),(10169,327,'Profundidad','44.5 cm'),(10170,327,'Peso','19.5kg'),(10171,327,'Capacidad','90L'),(10172,327,'Sistema De Enfriamiento','Frost'),(10173,327,'Eficiencia Energética','A'),(10174,327,'Consumo','148 KWH/AÑO'),(10175,327,'Iluminacion Interior','Sí'),(10176,327,'Puertas Reversibles','Sí'),(10177,327,'Llave De Seguridad','Sí'),(10178,327,'Refrigerante','R600a'),(10179,327,'Cantidad De Bandejas','2'),(10180,327,'Cantidad De Cajones','1'),(10181,327,'Control De Temperatura','Sí'),(10182,328,'Alto','85 cm'),(10183,328,'Ancho','48 cm'),(10184,328,'Color','Silver/Gris'),(10185,328,'Garantía','1 año'),(10186,328,'Incluye','Manual de usuario'),(10187,328,'Modelo','ERTM87G2HQS'),(10188,328,'Profundidad','52 cm'),(10189,328,'Peso','25kg'),(10190,328,'Capacidad','85L'),(10191,328,'Sistema De Enfriamiento','Frost'),(10192,328,'Temperatura Máxima De Congelamiento','-18°C'),(10193,328,'Cantidad De Puertas','2'),(10194,328,'Nivel De Ruido','42dB'),(10195,328,'Iluminacion Interior','Sí'),(10196,328,'Material De Bandejas','Vidrio templado'),(10197,328,'Refrigerante','R600'),(10198,328,'Tropicalizado','Sí'),(10199,328,'Patas Ajustables','Sí'),(10200,329,'Alto','84.3 cm'),(10201,329,'Ancho','44.4 cm'),(10202,329,'Color','Negro Inox'),(10203,329,'Garantía','1 año'),(10204,329,'Incluye','Manual de usuario'),(10205,329,'Modelo','Piccolo'),(10206,329,'Profundidad','48.5 cm'),(10207,329,'Peso','19kg'),(10208,329,'Capacidad','90L'),(10209,329,'Eficiencia Energética','A'),(10210,329,'Sistema De Enfriamiento','Frost'),(10211,329,'Sistema De Descongelamiento','Manual'),(10212,329,'Material Bandejas','Vidrio templado'),(10213,329,'Temperatura Interior','0-8°c'),(10214,329,'Refrigerante','R600a'),(10215,329,'Compatibilidad Para Botellas Jumbo','Sí'),(10216,329,'Bandejas Ajustables','Sí'),(10217,329,'Patas Ajustables','Sí'),(10218,329,'Tipo','Frigobar'),(10219,330,'Alto','151 cm'),(10220,330,'Ancho','47.4 cm'),(10221,330,'Color','Inox'),(10222,330,'Garantía','1 Año'),(10223,330,'Incluye','Manual de uso'),(10224,330,'Modelo','LRT-200DFI'),(10225,330,'Profundidad','49.5 cm'),(10226,330,'Peso Bruto','40Kg'),(10227,330,'Capacidad','168L'),(10228,330,'Eficiencia Energética','A+'),(10229,330,'Sistema De Refrigeración','Frío directo'),(10230,330,'Diseño De Refrigeradora','Top Mount'),(10231,330,'Temperatura Mínima','-18°C'),(10232,330,'Consumo','19.44 KWh/mes'),(10233,330,'Número De Bandejas','2'),(10234,330,'Número De Cajones','1'),(10235,330,'Iluminación','Sí'),(10236,330,'Compresor','Normal / Constant Speed'),(10237,330,'Control De Temperatura','Manual'),(10238,331,'Alto','188 cm'),(10239,331,'Ancho','70 cm'),(10240,331,'Color','Silver'),(10241,331,'Garantía','1 año'),(10242,331,'Incluye','Manual de usuario'),(10243,331,'Modelo','REFR-AGH02'),(10244,331,'Profundidad','67 cm'),(10245,331,'Capacidad','463L'),(10246,331,'Eficiencia Energética','A'),(10247,331,'Potencia','115W'),(10248,331,'Voltaje','220VAC / 60Hz'),(10249,331,'Consumo De Energía','395kwh/year'),(10250,331,'Corriente','0.8 A'),(10251,331,'Dispensador De Agua','Sí'),(10252,332,'Alto','166 cm'),(10253,332,'Ancho','70 cm'),(10254,332,'Color','Gris'),(10255,332,'Garantía','1 año'),(10256,332,'Incluye','Manual de usuario'),(10257,332,'Modelo','ERT45G2HQI'),(10258,332,'Profundidad','60 cm'),(10259,332,'Peso','51kg'),(10260,332,'Capacidad','308L'),(10261,332,'Eficiencia Energética','A'),(10262,332,'Sistema De Refrigeración','Frost'),(10263,332,'Diseño De Refrigeradora','Top Mount'),(10264,332,'Placas Hidratantes','Micro Clima Húmedo'),(10265,332,'Número De Bandejas','4'),(10266,332,'Número De Puertas','2'),(10267,332,'Puerta Reversible','Sí'),(10268,332,'Nivel De Ruido','42 dB'),(10269,332,'Iluminación Interna','Sí'),(10270,332,'Ruedas De Desplazamiento','Sí'),(10271,332,'Refrigerante','R600a'),(10272,333,'Alto','178.9 cm'),(10273,333,'Ancho','91 cm'),(10274,333,'Color','Croma'),(10275,333,'Garantía','1 año'),(10276,333,'Incluye','Ruedas, patas ajustables y 2 portahuevos'),(10277,333,'Modelo','RI-788D'),(10278,333,'Profundidad','64.8 cm'),(10279,333,'Peso','83kg'),(10280,333,'Capacidad','514L'),(10281,333,'Sistema De Refrigeración','No Frost'),(10282,333,'Diseño De Refrigeradora','Side By Side'),(10283,333,'Panel De Control','Digital/Smart'),(10284,333,'Eficiencia Energética','A'),(10285,333,'Consumo','500 Kwh/año'),(10286,333,'Alarma De Puerta Abierta','Sí'),(10287,333,'Iluminacion Interior','Sí'),(10288,333,'Material De Bandejas','Vidrio templado'),(10289,333,'Descongelamiento','Automático'),(10290,333,'Refrigerante','R600a'),(10291,333,'Dispensador De Agua','Sí'),(10292,334,'Alto','185 cm'),(10293,334,'Ancho','60 cm'),(10294,334,'Color','Negro'),(10295,334,'Garantía','1 año'),(10296,334,'Incluye','Póliza de Garantía, Portahuevos y Rack para vinos'),(10297,334,'Modelo','RI-639DN'),(10298,334,'Profundidad','68.5 cm'),(10299,334,'Capacidad','320L'),(10300,334,'Sistema De Refrigeración','No Frost'),(10301,334,'Diseño De Refrigeradora','Top Mount'),(10302,334,'Control De Temperatura','Digital Interno'),(10303,334,'Eficiencia Energética','A'),(10304,334,'Consumo','329 kWh/año'),(10305,334,'Dispensador De Agua','2L'),(10306,334,'Funciones Especiales','Super Freeze y Twist ice maker'),(10307,334,'Iluminación','LED'),(10308,334,'Puertas Reversibles','Sí'),(10309,334,'Material De Bandejas','Vidrio templado regulable'),(10310,334,'Compartimientos','Triple cajón en congelador y cajón de frutas/verduras'),(10311,334,'Voltaje','220V/60Hz'),(10312,335,'Alto','172 cm'),(10313,335,'Ancho','70.4 cm'),(10314,335,'Color','Croma'),(10315,335,'Garantía','1 año'),(10316,335,'Incluye','Cubetera de hielo y portahuevos'),(10317,335,'Modelo','RI-469D'),(10318,335,'Profundidad','63.5 cm'),(10319,335,'Peso','66kg'),(10320,335,'Capacidad','379L'),(10321,335,'Sistema De Enfriamiento','No Frost'),(10322,335,'Diseño De Refrigeradora','Top Mount'),(10323,335,'Control De Temperatura','Análogo'),(10324,335,'Eficiencia Energética','A'),(10325,335,'Consumo','431 kWh/año'),(10326,335,'Dispensador De Agua','3.5L'),(10327,335,'Filtro Desodorizante','Sí'),(10328,335,'Bandeja Deslizable','Sí'),(10329,335,'Iluminación','LED'),(10330,335,'Puertas Reversibles','Sí'),(10331,335,'Material De Bandejas','Vidrio templado regulable'),(10332,335,'Compartimientos','Cajón de frutas/verduras con control de humedad'),(10333,335,'Ruedas De Desplazamiento','Sí'),(10334,336,'Alto','138 cm'),(10335,336,'Ancho','48 cm'),(10336,336,'Color','Silver'),(10337,336,'Garantía','1 año'),(10338,336,'Incluye','Manual de usuario y fabricador de hielo interior'),(10339,336,'Modelo','ERT18G2HNI'),(10340,336,'Profundidad','53 cm'),(10341,336,'Peso','32kg'),(10342,336,'Capacidad','138L'),(10343,336,'Sistema De Enfriamiento','Eurofrio'),(10344,336,'Diseño De Refrigeradora','Top Freezer'),(10345,336,'Eficiencia Energética','A'),(10346,336,'Consumo','250 Kwh/año'),(10347,336,'Poder De Congelamiento','4 estrellas'),(10348,336,'Material De Bandejas','Vidrio templado'),(10349,336,'Descongelamiento','Semi automático'),(10350,336,'Iluminación Interna','Sí'),(10351,336,'Puertas Reversibles','Sí'),(10352,336,'Refrigerante','R600a'),(10353,336,'Ruedas De Desplazamiento','Sí'),(10354,337,'Alto','122.9 cm'),(10355,337,'Ancho','51.4 cm'),(10356,337,'Color','Croma'),(10357,337,'Garantía','1 año'),(10358,337,'Incluye','Rack para vinos, cubetera de hielo y portahuevos'),(10359,337,'Modelo','RI-289D Croma'),(10360,337,'Profundidad','51.5 cm'),(10361,337,'Peso','29kg'),(10362,337,'Capacidad','177L'),(10363,337,'Sistema De Enfriamiento','Autofrost'),(10364,337,'Eficiencia Energética','A'),(10365,337,'Consumo','161 kWh/año'),(10366,337,'Material','Acero Galvanizado'),(10367,337,'Dispensador De Agua','2L'),(10368,337,'Diseño De Refrigeradora','1 puerta'),(10369,337,'Iluminación','LED'),(10370,337,'Material De Bandejas','Vidrio templado regulable'),(10371,337,'Control De Temperatura','Análogo interno'),(10372,337,'Manija','Integrada'),(10373,337,'Patas Ajustables','Sí'),(10374,338,'Alto','36.5 cm'),(10375,338,'Ancho','25.5 cm'),(10376,338,'Color','Negro'),(10377,338,'Garantía','1 año'),(10378,338,'Incluye','Manual'),(10379,338,'Modelo','FPSTSM3711 / 2114180'),(10380,338,'Profundidad','40 cm'),(10381,338,'Potencia','750W'),(10382,338,'Tipo De Batidora','Pedestal'),(10383,338,'Capacidad','4 lts'),(10384,338,'Velocidades','12'),(10385,338,'Número De Varillas','3'),(10386,338,'Recetario','No'),(10387,338,'Material Del Recipiente','Plástico resistente'),(10388,338,'Pies Antideslizantes','Sí'),(10389,339,'Alto','25 cm'),(10390,339,'Ancho','33.7 cm'),(10391,339,'Color','Blanco'),(10392,339,'Garantía','1 año por falla de fábrica'),(10393,339,'Incluye','Ganchos batidores y ganchos amasadores de acero'),(10394,339,'Modelo','FPSTHS3612053'),(10395,339,'Profundidad','46.5 cm'),(10396,339,'Peso','9.4kg'),(10397,339,'Potencia','250W'),(10398,339,'Velocidades','6'),(10399,339,'Recipiente','Sí'),(10400,339,'Capacidad','3.7L'),(10401,339,'Número De Varillas','4'),(10402,339,'Tipo De Batidora','Pedestal / Manual'),(10403,339,'Base Antideslizante','Sí'),(10404,339,'Apto Para Lavavajillas','Sí'),(10405,339,'Material De Aspas','Acero inoxidable'),(10406,340,'Alto','17.8 cm'),(10407,340,'Ancho','22.75 cm'),(10408,340,'Color','Blanco'),(10409,340,'Garantía','1 año'),(10410,340,'Incluye','Batidores y Amasadores'),(10411,340,'Modelo','FPSTHM3532-053'),(10412,340,'Profundidad','10.5 cm'),(10413,340,'Potencia','250W'),(10414,340,'Velocidades','6'),(10415,340,'Recipiente','No'),(10416,340,'Número De Varillas','4'),(10417,340,'Tipo De Batidora','De Mano'),(10418,340,'Función Turbo','Sí'),(10419,340,'Botón De Expulsión','Sí'),(10420,340,'Mango Ergonómico','Sí'),(10421,340,'Material De Varillas','Acero inoxidable'),(10422,341,'Alto','33 cm'),(10423,341,'Ancho','38 cm'),(10424,341,'Color','Rojo'),(10425,341,'Garantía','1 año por fallas de fabricación'),(10426,341,'Incluye','Batidor plano, batidor de alambre, gancho amasador, batidor de borde flexible y protector contra salpicaduras'),(10427,341,'Modelo','FPSTSMPL3R'),(10428,341,'Profundidad','27 cm'),(10429,341,'Peso','6.7kg'),(10430,341,'Potencia','1000W'),(10431,341,'Tipo De Batidora','Planetaria de pedestal'),(10432,341,'Material Del Recipiente','Acero Inoxidable'),(10433,341,'Capacidad','5.2L'),(10434,341,'Velocidades','10'),(10435,341,'Luz Led En Cabezal','Sí'),(10436,341,'Exterior','Metal fundido'),(10437,341,'Acción Planetaria','Sí'),(10438,341,'Cabezal Inclinable','Sí'),(10439,342,'Alto','27.7 cm'),(10440,342,'Ancho','35.2 cm'),(10441,342,'Color','Blanco'),(10442,342,'Garantía','1 año por falla de fábrica'),(10443,342,'Incluye','Par de batidores, par de amasadores, tazón de vidrio y pedestal'),(10444,342,'Modelo','FPSTHS3611053'),(10445,342,'Profundidad','29.5 cm'),(10446,342,'Peso','4.8kg'),(10447,342,'Potencia','250W'),(10448,342,'Velocidades','6 + Función Turbo'),(10449,342,'Recipiente','Sí'),(10450,342,'Capacidad','3.7L'),(10451,342,'Tipo De Batidora','2 en 1'),(10452,342,'Movimiento','Exclusivo movimiento giratorio lateral'),(10453,342,'Botón Multifunción','Encendido, velocidad y expulsión'),(10454,342,'Material De Varillas','Metal'),(10455,343,'Alto','22 cm'),(10456,343,'Ancho','33 cm'),(10457,343,'Color','Blanco'),(10458,343,'Garantía','1 año'),(10459,343,'Incluye','Espátula para mezclar, batidores y ganchos amasadores de acero inoxidable'),(10460,343,'Modelo','2601-051'),(10461,343,'Potencia','360W'),(10462,343,'Velocidades','10'),(10463,343,'Recipiente','Sí'),(10464,343,'Número De Varillas','4'),(10465,343,'Tipo De Batidora','Pedestal'),(10466,343,'Mango Ergonómico','Sí'),(10467,343,'Diseño Compacto','Sí'),(10468,343,'Sistema De Seguridad','Pies antideslizantes'),(10469,344,'Alto','25.0 cm'),(10470,344,'Ancho','33.7 cm'),(10471,344,'Color','Blanco'),(10472,344,'Garantía','1 año'),(10473,344,'Incluye','Ganchos batidores cromados y ganchos amasadores'),(10474,344,'Modelo','FPSTHS3610053'),(10475,344,'Profundidad','28.1 cm'),(10476,344,'Peso Con Empaque','2.5kg'),(10477,344,'Potencia','250W'),(10478,344,'Velocidades','6 + Función Turbo'),(10479,344,'Recipiente','Sí'),(10480,344,'Capacidad','3.7L'),(10481,344,'Número De Varillas','4'),(10482,344,'Tipo De Batidora','Pedestal / Manual'),(10483,344,'Mango Ergonómico','Sí'),(10484,344,'Base Antideslizante','Sí'),(10485,344,'Piezas Aptas Para Lavavajillas','Sí'),(10486,345,'Alto','13 cm'),(10487,345,'Ancho','60 cm'),(10488,345,'Color','Silver'),(10489,345,'Garantía','1 año'),(10490,345,'Incluye','Manual y accesorios para empotrar'),(10491,345,'Modelo','CEI-602CRP'),(10492,345,'Profundidad','55 cm'),(10493,345,'Potencia','130W'),(10494,345,'Tipo De Campana','Mixta'),(10495,345,'Caudal De Absorción','300 m3/h'),(10496,345,'Motor','1 Motor potente'),(10497,345,'Iluminación','Luz halógena incorporada'),(10498,345,'Filtros','Aluminio lavable de 3 capas y carbón'),(10499,345,'Nivel De Ruido','60 db'),(10500,345,'Material De La Cubierta','Acero'),(10501,345,'Tipo De Instalación','A la pared/Empotrable'),(10502,345,'Tipo De Encendido','Manual'),(10503,346,'Alto','13.5 cm'),(10504,346,'Ancho','60 cm'),(10505,346,'Color','Negro'),(10506,346,'Garantía','1 año'),(10507,346,'Incluye','1 Motor, Filtro de Aluminio y Filtro de Carbón'),(10508,346,'Modelo','CEI-602NE'),(10509,346,'Profundidad','49.4 cm'),(10510,346,'Peso','5.6kg'),(10511,346,'Potencia','300 m3/h'),(10512,346,'Tipo De Campana','Mixta'),(10513,346,'Iluminacion Incorporada','Luz halógena'),(10514,346,'Filtros','Aluminio lavable de 2 capas y Carbón activado'),(10515,346,'Nivel De Ruido','63 dB'),(10516,346,'Tipo De Instalación','A la pared'),(10517,346,'Tipo De Panel','Análogo'),(10518,346,'Luz De Funcionamiento','Sí'),(10519,347,'Alto','14 cm'),(10520,347,'Ancho','50 cm'),(10521,347,'Color','Silver/Acero inoxidable'),(10522,347,'Garantía','1 año'),(10523,347,'Incluye','Manual de usuario'),(10524,347,'Modelo','EJSE202TBJS'),(10525,347,'Profundidad','50 cm'),(10526,347,'Peso','5.5kg'),(10527,347,'Potencia','125W'),(10528,347,'Velocidades','3 niveles de succión'),(10529,347,'Motor','1 Motor'),(10530,347,'Iluminacion Incorporada','Sí'),(10531,347,'Filtros','Malla de aluminio lavable y Carbón activado'),(10532,347,'Nivel De Ruido','58.2 dB'),(10533,347,'Válvula Antirretorno','Sí'),(10534,347,'Tipo De Instalación','A la pared'),(10535,347,'Tipo De Panel','Botones'),(10536,347,'Bloqueo De Seguridad','Sí'),(10537,348,'Alto','14 cm'),(10538,348,'Ancho','80 cm'),(10539,348,'Color','Silver/Acero inoxidable'),(10540,348,'Garantía','1 año'),(10541,348,'Incluye','Manual y accesorios para empotrar'),(10542,348,'Modelo','EJSE302TBJS'),(10543,348,'Profundidad','49.5 cm'),(10544,348,'Peso','7.2kg'),(10545,348,'Potencia','125W'),(10546,348,'Velocidades','3 niveles de succión'),(10547,348,'Motor','1 Motor'),(10548,348,'Caudal','275 m3/h'),(10549,348,'Iluminación','Luz Halógena'),(10550,348,'Filtros','Metálico atrapa grasa y Carbón activado'),(10551,348,'Nivel De Ruido','58.2 dB'),(10552,348,'Sistema','Recirculante'),(10553,348,'Visera','Vidrio'),(10554,348,'Tipo De Instalación','A la pared'),(10555,348,'Tipo De Panel','Análogo'),(10556,348,'Bloqueo De Seguridad','Sí'),(10557,349,'Alto','14 cm'),(10558,349,'Ancho','90 cm'),(10559,349,'Color','Silver/Acero inoxidable'),(10560,349,'Garantía','1 año'),(10561,349,'Incluye','1 malla de aluminio, 1 de carbón y accesorios para empotrar'),(10562,349,'Modelo','EJSE-362TBIS'),(10563,349,'Profundidad','50 cm'),(10564,349,'Peso','7.5kg'),(10565,349,'Potencia','125W'),(10566,349,'Consumo','205W'),(10567,349,'Velocidades','3 niveles de succión'),(10568,349,'Caudal','250 m3/h'),(10569,349,'Motor','1 Motor'),(10570,349,'Iluminación','Luz incorporada'),(10571,349,'Filtros','Aluminio lavable y Carbón activado'),(10572,349,'Nivel De Ruido','58.2 dB'),(10573,349,'Válvula Antirretorno','Sí'),(10574,349,'Visera','Vidrio'),(10575,349,'Tipo De Instalación','A la pared'),(10576,350,'Alto','14 cm'),(10577,350,'Ancho','60 cm'),(10578,350,'Color','Silver/Acero Inoxidable'),(10579,350,'Garantía','1 año'),(10580,350,'Incluye','Manual y accesorios para empotrar'),(10581,350,'Modelo','EJSE242TBIS'),(10582,350,'Profundidad','49.5 cm'),(10583,350,'Peso','6.4kg'),(10584,350,'Potencia','205W'),(10585,350,'Tipo De Campana','Mixta'),(10586,350,'Caudal','275 m3/h'),(10587,350,'Motor','1 Motor potente'),(10588,350,'Iluminación','2 lámparas de 40W c/u'),(10589,350,'Filtros','3 filtros'),(10590,350,'Filtro Apto Para Lavavajillas','Sí'),(10591,350,'Tipo De Panel','Análogo'),(10592,350,'Visera','Cristal'),(10593,351,'Alto','50 cm'),(10594,351,'Ancho','90 cm'),(10595,351,'Color','Plata/Acero inoxidable'),(10596,351,'Garantía','2 años en partes y componentes'),(10597,351,'Incluye','1 campana decorativa Midea y manual'),(10598,351,'Modelo','MJWV7336C4FS-PE'),(10599,351,'Profundidad','50 cm'),(10600,351,'Peso','14.4kg'),(10601,351,'Potencia','213W'),(10602,351,'Capacidad','850 m3/h'),(10603,351,'Tipo De Campana','Decorativa de pared'),(10604,351,'Tipo De Panel','Touch con display LED'),(10605,351,'Iluminación','2 luces LED'),(10606,351,'Filtros','Pentaluminio y Carbón activado'),(10607,351,'Tipo De Extracción','Extractora y Purificadora'),(10608,351,'Material','Acero inoxidable y cristal'),(10609,351,'Voltaje','127V / 60Hz'),(10610,352,'Alto','29 cm'),(10611,352,'Ancho','59.8 cm'),(10612,352,'Color','Acero/Metal'),(10613,352,'Garantía','1 año'),(10614,352,'Modelo','Empotrada 60cm'),(10615,352,'Profundidad','28.1 cm'),(10616,352,'Peso','8.32kg'),(10617,352,'Potencia','192W'),(10618,352,'Capacidad','1150 m3/h'),(10619,352,'ÁRea Recomendada','40 m2'),(10620,352,'Velocidades','3'),(10621,352,'Iluminación','2 Lámparas LED'),(10622,352,'Filtros','1 de Aluminio y 2 de Carbón activado'),(10623,352,'Diámetro De Ducto','15 cm'),(10624,352,'Material','Carcasa de metal'),(10625,352,'Longitud De Cable','1.5 metros'),(10626,352,'Instalación','Altura mín. 75cm / 65cm'),(10627,353,'Alto','93.5 cm'),(10628,353,'Ancho','90 cm'),(10629,353,'Color','Acero Inoxidable'),(10630,353,'Garantía','1 año'),(10631,353,'Incluye','Manual y kit de instalación para isla'),(10632,353,'Modelo','CAM-CY28CY / ISLA'),(10633,353,'Profundidad','38.5 cm'),(10634,353,'Peso','12.8kg'),(10635,353,'Potencia','190W'),(10636,353,'Capacidad','600 M3/H'),(10637,353,'Tipo De Campana','Decorativa de Isla'),(10638,353,'Iluminación','LED fija'),(10639,353,'Filtros','Multicapa con carbón activo'),(10640,353,'Material','Acero inoxidable y Vidrio'),(10641,353,'Voltaje','220V - 50Hz'),(10642,353,'Nivel De Ruido','Bajo'),(10643,354,'Alto','14 cm'),(10644,354,'Ancho','60 cm'),(10645,354,'Color','Acero/Aluminizado'),(10646,354,'Garantía','1 año'),(10647,354,'Modelo','IKA 60cm Convencional'),(10648,354,'Profundidad','50 cm'),(10649,354,'Tipo De Montaje','Empotrado/Pared'),(10650,354,'Acabado','Aluminizado'),(10651,354,'Material','Acero y Vidrio'),(10652,354,'Velocidades','3'),(10653,354,'Número De Luces','1'),(10654,354,'Filtros','Carbón activado y Aluminio lavable'),(10655,354,'Voltaje','220V'),(10656,355,'Alto','90 cm'),(10657,355,'Ancho','49.5 cm'),(10658,355,'Profundidad','55.6 cm'),(10659,355,'Color','Gris'),(10660,355,'Garantía','1 año'),(10661,355,'Modelo','FONTANA'),(10662,355,'Tipo De Cocina','De Pie a Gas'),(10663,355,'Hornillas','4'),(10664,355,'Parrillas De Mesa','2 de Hierro Fundido'),(10665,355,'Material De Quemadores','Aluminio'),(10666,355,'Superficie','Acero Inoxidable'),(10667,355,'Tapa','Vidrio Templado'),(10668,355,'Capacidad','55L'),(10669,355,'Control De Temperatura','Termocontrol en horno'),(10670,355,'Parrillas En Horno','1 unidad'),(10671,355,'Encendido','Manual'),(10672,355,'Panel De Control','Análogo mecánico'),(10673,355,'Tipo De Energía','Gas GLP'),(10674,355,'Seguridad','Sin corte de emergencia'),(10675,356,'Alto','95 cm'),(10676,356,'Ancho','60 cm'),(10677,356,'Profundidad','63.6 cm'),(10678,356,'Color','Inox/Acero Inoxidable'),(10679,356,'Garantía','1 Año'),(10680,356,'Modelo','Vercelli'),(10681,356,'Tipo De Cocina','De Pie a Gas'),(10682,356,'Hornillas','4 Selladas'),(10683,356,'Parrillas De Mesa','Hierro Fundido'),(10684,356,'Superficie','Tablero y frente de acero inoxidable'),(10685,356,'Tapa','Vidrio Templado'),(10686,356,'Capacidad','81 Litros'),(10687,356,'Funciones Horno','Grill a gas y Luz interior'),(10688,356,'Seguridad','Sistema corta gas en grill y horno'),(10689,356,'Control','Termocontrol con válvula de doble vía y Timer mecánico'),(10690,356,'Accesorios','Bandeja y plancha freidora incluída'),(10691,356,'Encendido','Directo en quemadores y horno'),(10692,356,'Puerta','Vidrio panorámico'),(10693,357,'Alto','94 cm'),(10694,357,'Ancho','60 cm'),(10695,357,'Profundidad','58 cm'),(10696,357,'Color','Gris'),(10697,357,'Garantía','1 Año'),(10698,357,'Modelo','Alicante'),(10699,357,'Tipo De Cocina','De Pie a Gas'),(10700,357,'Hornillas','4 Quemadores de alta eficiencia'),(10701,357,'Parrillas De Mesa','Hierro Fundido'),(10702,357,'Superficie','Acero Inoxidable fácil limpieza'),(10703,357,'Tapa','Vidrio Templado anti salpicaduras'),(10704,357,'Capacidad','Estándar 24 pulgadas'),(10705,357,'Funciones Horno','Luz interior y Termo-control'),(10706,357,'Seguridad','Sistema corta gas en horno'),(10707,357,'Puerta','Doble vidrio templado'),(10708,357,'Encendido','Eléctrico en quemadores y horno'),(10709,357,'Panel De Control','Mecánico/Análogo'),(10710,357,'Grill','No'),(10711,358,'Alto','92 cm'),(10712,358,'Ancho','58 cm'),(10713,358,'Profundidad','56 cm'),(10714,358,'Color','Inox/Gris'),(10715,358,'Garantía','1 año'),(10716,358,'Modelo','Essential'),(10717,358,'Tipo De Cocina','De Pie'),(10718,358,'Hornillas','4 quemadores de alta eficiencia'),(10719,358,'Parrillas De Mesa','Hierro Fundido'),(10720,358,'Superficie','Mesa de acero inoxidable'),(10721,358,'Capacidad','Estándar 24 pulgadas'),(10722,358,'Funciones Horno','Luz interior y Control de temperatura'),(10723,358,'Puerta','Doble vidrio templado'),(10724,358,'Encendido','Eléctrico en quemadores y horno'),(10725,358,'Peso','32kg'),(10726,359,'Alto','90 cm'),(10727,359,'Ancho','60 cm'),(10728,359,'Profundidad','60 cm'),(10729,359,'Color','Inox'),(10730,359,'Garantía','1 Año'),(10731,359,'Modelo','LUCIDA'),(10732,359,'Tipo De Cocina','A Gas'),(10733,359,'Hornillas','4'),(10734,359,'Parrillas De Mesa','Hierro Fundido'),(10735,359,'Superficie','Acero Inoxidable'),(10736,359,'Tapa','Vidrio Templado'),(10737,359,'Capacidad','60L'),(10738,359,'Funciones Horno','Grill a gas, Rosticero giratorio, Parrilla autodeslizante y Luz interior'),(10739,359,'Seguridad','Válvula de seguridad en grill y Bloqueo de seguridad'),(10740,359,'Control','Termostato y Timer mecánico sonoro'),(10741,359,'Encendido','Eléctrico en quemadores y horno'),(10742,359,'Peso','32.5kg'),(10743,360,'Alto','95 cm'),(10744,360,'Ancho','60 cm'),(10745,360,'Profundidad','63.6 cm'),(10746,360,'Color','Croma'),(10747,360,'Garantía','1 año'),(10748,360,'Modelo','Florencia Zafiro Croma'),(10749,360,'Tipo De Cocina','De Pie a Gas'),(10750,360,'Hornillas','4 Selladas'),(10751,360,'Parrillas De Mesa','Hierro Fundido'),(10752,360,'Superficie','Acero Inoxidable'),(10753,360,'Tapa','Vidrio templado'),(10754,360,'Capacidad','81 Litros'),(10755,360,'Funciones Horno','Grill a gas, Luz interior y Acabado Really Clean'),(10756,360,'Seguridad','Sistema cortagas de seguridad'),(10757,360,'Encendido','Eléctrico directo en quemadores y horno'),(10758,360,'Panel','Mecánico'),(10759,360,'Incluye','Plancha churrasquera'),(10760,360,'Peso','41.94kg'),(10761,361,'Alto','94.5 cm'),(10762,361,'Ancho','76.3 cm'),(10763,361,'Profundidad','67.4 cm'),(10764,361,'Color','Negro'),(10765,361,'Garantía','1 año'),(10766,361,'Modelo','76GS'),(10767,361,'Tipo De Cocina','De Pie a Gas'),(10768,361,'Hornillas','1 Triple Llama, 1 Rápido, 3 Semi-rápidos'),(10769,361,'Parrillas De Mesa','Individuales de Hierro Fundido'),(10770,361,'Superficie','Mesa de Vidrio Templado liso'),(10771,361,'Capacidad','72 Litros'),(10772,361,'Funciones Horno','Fast Clean, 1 estante manual y 1 autodeslizante'),(10773,361,'Puerta','Full Glass'),(10774,361,'Quemadores','Sellados de alta eficiencia'),(10775,361,'Encendido','Automático por chispa'),(10776,361,'Panel','Digital'),(10777,361,'Peso','44.3kg'),(10778,362,'Alto','96 cm'),(10779,362,'Ancho','53 cm'),(10780,362,'Profundidad','63 cm'),(10781,362,'Color','Negro'),(10782,362,'Garantía','1 año'),(10783,362,'Modelo','52LPV'),(10784,362,'Tipo De Cocina','De Pie a Gas'),(10785,362,'Hornillas','2 Quemadores Rápidos y 2 Semi-rápidos'),(10786,362,'Parrillas De Mesa','Individuales Matt Steel'),(10787,362,'Superficie','Mesa de Vidrio Templado liso'),(10788,362,'Capacidad','Cavidad esmaltada fácil limpieza'),(10789,362,'Puerta','Full Glass con Vidrio interno removible'),(10790,362,'Encendido','Automático'),(10791,362,'Horno','1 rejilla manual y 1 autodeslizante'),(10792,362,'Panel','Análogo mecánico'),(10793,362,'Peso','Aprox. 27kg'),(10794,362,'Tapa De Cubierta','No incluye'),(10795,363,'Alto','10 cm'),(10796,363,'Ancho','75 cm'),(10797,363,'Profundidad','52 cm'),(10798,363,'Color','Negro'),(10799,363,'Garantía','1 Año'),(10800,363,'Modelo','ETGZ30T0EPUBN'),(10801,363,'Tipo De Cocina','Encimera Empotrable a Gas'),(10802,363,'Quemadores','5'),(10803,363,'Parrillas','Individuales esmaltadas de alta estabilidad'),(10804,363,'Superficie','Vidrio Templado Negro acabado premium'),(10805,363,'Seguridad','Sensor de bloqueo de gas'),(10806,363,'Encendido','Superautomático'),(10807,363,'Medidas Del Nicho','Ancho 69.5 cm x Profundidad 48 cm x Alto 15 cm'),(10808,363,'Peso Neto','12.4kg'),(10809,363,'Instalación','Gratuita'),(10810,363,'Quemadores Sellados','Sí'),(10811,364,'Alto','5.5 cm'),(10812,364,'Ancho','60 cm'),(10813,364,'Profundidad','52 cm'),(10814,364,'Color','Negro'),(10815,364,'Garantía','1 Año'),(10816,364,'Modelo','ETGZ24F0EPUB'),(10817,364,'Tipo De Cocina','Encimera Empotrable'),(10818,364,'Quemadores','4 Sellados'),(10819,364,'Parrillas','Individuales esmaltadas de alta resistencia'),(10820,364,'Superficie','Vidrio Templado Negro liso'),(10821,364,'Seguridad','Sensor de Bloqueo de Gas'),(10822,364,'Encendido','Electrónico Superautomático'),(10823,364,'Medidas Del Nicho (Corte)','Ancho 54.8 cm x Profundidad 47.8 cm'),(10824,364,'Peso','9.2kg'),(10825,364,'Material','Vidrio y Acero'),(10826,365,'Alto','6 cm'),(10827,365,'Ancho','86 cm'),(10828,365,'Profundidad','51 cm'),(10829,365,'Color','Negro Vidrio'),(10830,365,'Garantía','1 Año'),(10831,365,'Modelo','GINA X'),(10832,365,'Tipo De Cocina','Encimera Empotrable'),(10833,365,'Quemadores','5'),(10834,365,'Parrillas','Individuales de Hierro Fundido'),(10835,365,'Superficie','Vidrio Templado resistente a ralladuras'),(10836,365,'Accesorios','1 Posa Wok incluído'),(10837,365,'Control','Perillas metálicas y Timer mecánico sonoro'),(10838,365,'Seguridad','Seguro para niños'),(10839,365,'Encendido','Eléctrico automático'),(10840,365,'Medidas De Encastre (Nicho)','Ancho 83 cm x Fondo 48 cm'),(10841,365,'Peso','Aprox. 14kg'),(10842,366,'Alto','6 cm'),(10843,366,'Ancho','59 cm'),(10844,366,'Profundidad','51 cm'),(10845,366,'Color','Negro Vidrio'),(10846,366,'Garantía','1 Año'),(10847,366,'Modelo','NINA 60'),(10848,366,'Tipo De Cocina','Encimera Empotrable'),(10849,366,'Quemadores','4'),(10850,366,'Parrillas','Independientes de Hierro Fundido'),(10851,366,'Superficie','Mesa de Vidrio Templado'),(10852,366,'Material De Perillas','Baquelita'),(10853,366,'Encendido','Eléctrico automático'),(10854,366,'Medidas De Encastre (Nicho)','Ancho 56 cm x Fondo 48 cm'),(10855,366,'Peso','11.2kg'),(10856,366,'Material De Hornillas','Acero Inoxidable'),(10857,367,'Alto','10 cm'),(10858,367,'Ancho','90 cm'),(10859,367,'Profundidad','51 cm'),(10860,367,'Color','Negro con Panel Plateado'),(10861,367,'Garantía','1 Año'),(10862,367,'Modelo','AGH-870V'),(10863,367,'Tipo De Cocina','Encimera Empotrable a Gas'),(10864,367,'Quemadores','5'),(10865,367,'Parrillas','Independientes de Hierro Fundido'),(10866,367,'Superficie','Vidrio Templado Negro de alta resistencia'),(10867,367,'Seguridad','Sistema corta llama'),(10868,367,'Encendido','Automático en perillas'),(10869,367,'Medidas De Encastre (Nicho)','Ancho 81 cm x Fondo 47 cm'),(10870,367,'Material','Vidrio y Acero Inoxidable'),(10871,368,'Alto','9 cm'),(10872,368,'Ancho','59 cm'),(10873,368,'Profundidad','51 cm'),(10874,368,'Color','Acero Inoxidable'),(10875,368,'Garantía','1 Año'),(10876,368,'Modelo','MTGB24R4FFS-PE'),(10877,368,'Tipo De Cocina','Encimera Empotrable a Gas'),(10878,368,'Quemadores','4'),(10879,368,'Parrillas','2 Parrillas de Hierro Fundido'),(10880,368,'Superficie','Acero Inoxidable con esquinas redondeadas'),(10881,368,'Encendido','Electrónico automático'),(10882,368,'Material De Quemadores','Hierro fundido'),(10883,368,'Peso','Aprox. 10kg'),(10884,368,'Incluye','Manual de uso y certificado de garantía'),(10885,368,'Diseño','Slim sofisticado'),(10886,369,'Alto','10 cm'),(10887,369,'Ancho','86 cm'),(10888,369,'Profundidad','50 cm'),(10889,369,'Color','Negro UltraClear'),(10890,369,'Garantía','1 Año'),(10891,369,'Modelo','EGASI-905CGNE'),(10892,369,'Tipo De Cocina','Encimera a Gas'),(10893,369,'Quemadores','5 Sellados SABAF'),(10894,369,'Parrillas','Hierro fundido de alta resistencia'),(10895,369,'Superficie','Vidrio templado de 8mm de espesor'),(10896,369,'Seguridad','Sistema corta gas integrado'),(10897,369,'Accesorios','Incluye Porta Wok'),(10898,369,'Encendido','Directo en perillas'),(10899,369,'Material','Vidrio templado y Hierro'),(10900,369,'Origen','China'),(10901,370,'Alto','10 cm'),(10902,370,'Ancho','60 cm'),(10903,370,'Profundidad','51 cm'),(10904,370,'Color','Negro UltraClear'),(10905,370,'Garantía','1 Año'),(10906,370,'Modelo','EGI-604VDNEG'),(10907,370,'Tipo De Cocina','Encimera Empotrable a Gas'),(10908,370,'Quemadores','4 Sellados SABAF®'),(10909,370,'Parrillas','Hierro Fundido de alta durabilidad'),(10910,370,'Superficie','Tablero de Vidrio Templado UltraClear'),(10911,370,'Seguridad','Sistema cortagas integrado'),(10912,370,'Encendido','Directo desde las perillas'),(10913,370,'Medidas De Encastre (Nicho)','Ancho 55.3 cm x Profundidad 47.3 cm'),(10914,370,'Peso','10.5kg'),(10915,370,'Material De Quemadores','Hierro fundido'),(10916,371,'Alto','9 cm'),(10917,371,'Ancho','59 cm'),(10918,371,'Profundidad','51 cm'),(10919,371,'Color','Silver'),(10920,371,'Garantía','1 Año'),(10921,371,'Modelo','CO-INOX60'),(10922,371,'Tipo De Cocina','Encimera Empotrable a Gas'),(10923,371,'Quemadores','4 Sellados'),(10924,371,'Parrillas','2 Parrillas de Hierro Fundido de gran tamaño'),(10925,371,'Superficie','Acero Inoxidable Quirúrgico cepillado'),(10926,371,'Encendido','Eléctrico automático en perillas'),(10927,371,'Perillas','Resistentes al calor con acabado metálico'),(10928,371,'Medidas De Encastre (Nicho)','Ancho 56 cm x Fondo 48 cm'),(10929,371,'Peso','10.8kg'),(10930,372,'Alto','9 cm'),(10931,372,'Ancho','86 cm'),(10932,372,'Profundidad','50 cm'),(10933,372,'Color','Silver'),(10934,372,'Garantía','1 Año'),(10935,372,'Modelo','CO-INOX90'),(10936,372,'Tipo De Cocina','Encimera Empotrable Profesional'),(10937,372,'Quemadores','5'),(10938,372,'Parrillas','3 Parrillas de Hierro Fundido Full-Size'),(10939,372,'Accesorios','Incluye Plancha Churrasquera central de hierro fundido'),(10940,372,'Superficie','Acero Inoxidable Cepillado antihuellas'),(10941,372,'Encendido','Automático en perillas'),(10942,372,'Perillas','Metálicas de lujo con diseño ergonómico'),(10943,372,'Medidas De Encastre (Nicho)','Ancho 83 cm x Fondo 47 cm'),(10944,372,'Peso','15.5kg'),(10945,373,'Alto','6 cm'),(10946,373,'Ancho','59 cm'),(10947,373,'Profundidad','51 cm'),(10948,373,'Color','Negro'),(10949,373,'Garantía','1 Año'),(10950,373,'Modelo','CO-VITRO60'),(10951,373,'Tipo De Cocina','Encimera Empotrable a Gas'),(10952,373,'Quemadores','4 Sellados'),(10953,373,'Parrillas','4 Parrillas independientes de Hierro Fundido'),(10954,373,'Superficie','Vidrio Templado de alta resistencia térmica'),(10955,373,'Encendido','Automático en perillas'),(10956,373,'Seguridad','Parrillas antideslizantes de alta estabilidad'),(10957,373,'Medidas De Encastre (Nicho)','Ancho 56 cm x Fondo 48 cm'),(10958,373,'Peso','Aprox. 10kg'),(10959,374,'Alto','26 cm'),(10960,374,'Ancho','25 cm'),(10961,374,'Profundidad','19 cm'),(10962,374,'Color','Blanco'),(10963,374,'Garantía','1 Año'),(10964,374,'Modelo','SK-3L'),(10965,374,'Capacidad','3 Litros'),(10966,374,'Potencia','1500W'),(10967,374,'Material','Cuerpo de Metal y Plástico'),(10968,374,'Elemento Calefactor','Oculto de acero inoxidable'),(10969,374,'Seguridad','Cierre automático sin agua, protección contra sobrecalentamiento y hervido automático'),(10970,374,'Filtro','Antiincrustación incluido'),(10971,374,'Longitud Del Cable','0.7 m'),(10972,374,'Peso','1.4kg'),(10973,374,'Indicadores','Luz de encendido y nivel de agua'),(10974,374,'Voltaje','220-240V'),(10975,375,'Alto','19 cm'),(10976,375,'Ancho','14 cm'),(10977,375,'Profundidad','14 cm'),(10978,375,'Color','Acero Inoxidable'),(10979,375,'Garantía','1 Año'),(10980,375,'Modelo','HI-INX'),(10981,375,'Capacidad','1.7 Litros'),(10982,375,'Potencia','2200W'),(10983,375,'Material','Cuerpo de Acero Inoxidable de alta calidad'),(10984,375,'Elemento Calefactor','Interno plano'),(10985,375,'Seguridad','Apagado automático y Sistema de seguridad térmica'),(10986,375,'Base','Desmontable 360° con cable'),(10987,375,'Indicadores','Luz indicadora de encendido y Visor de nivel de agua transparente'),(10988,375,'Voltaje','220V'),(10989,375,'Peso','Aprox. 1.1kg'),(10990,376,'Alto','30 cm'),(10991,376,'Ancho','18 cm'),(10992,376,'Profundidad','18 cm'),(10993,376,'Color','Blanco'),(10994,376,'Garantía','1 Año'),(10995,376,'Modelo','MGF3635'),(10996,376,'Capacidad','1.7 Litros'),(10997,376,'Potencia','1800W'),(10998,376,'Material','Cuerpo de alta resistencia térmica'),(10999,376,'Elemento Calefactor','Oculto'),(11000,376,'Seguridad','Apagado automático tras ebullición y desconexión al levantar de la base'),(11001,376,'Filtro','Filtro de agua permanente incluido'),(11002,376,'Base','360° con pies antideslizantes'),(11003,376,'Indicadores','Luz de encendido/apagado'),(11004,376,'Voltaje','220V'),(11005,377,'Alto','24 cm'),(11006,377,'Ancho','19 cm'),(11007,377,'Profundidad','18 cm'),(11008,377,'Color','Blanco/Acero'),(11009,377,'Garantía','1 Año'),(11010,377,'Modelo','Lauca MGF3636'),(11011,377,'Capacidad','1.7 Litros'),(11012,377,'Potencia','2000W'),(11013,377,'Material','Cuerpo de alta resistencia térmica'),(11014,377,'Elemento Calefactor','Oculto para fácil limpieza'),(11015,377,'Seguridad','Control y apagado automático tras ebullición y desconexión al separar de la base'),(11016,377,'Filtro','Filtro de agua permanente incluido'),(11017,377,'Base','Antideslizante desmontable 360°'),(11018,377,'Indicadores','Luz indicadora de encendido'),(11019,377,'Voltaje','220V'),(11020,378,'Alto','23.5 cm'),(11021,378,'Ancho','21 cm'),(11022,378,'Profundidad','15 cm'),(11023,378,'Color','Blanco'),(11024,378,'Garantía','1 Año'),(11025,378,'Modelo','BVSTKT3177W'),(11026,378,'Capacidad','1.7 Litros'),(11027,378,'Potencia','1850W'),(11028,378,'Material','Plástico de alta resistencia térmica'),(11029,378,'Elemento Calefactor','Oculto'),(11030,378,'Seguridad','Apagado automático de seguridad y Tapa con cierre de seguridad'),(11031,378,'Filtro','Filtro de agua lavable y removible'),(11032,378,'Base','Antideslizante con almacenamiento de cable'),(11033,378,'Indicadores','Luz de encendido y Visor de nivel de agua doble'),(11034,378,'Voltaje','220V'),(11035,379,'Alto','25 cm'),(11036,379,'Ancho','22 cm'),(11037,379,'Profundidad','16 cm'),(11038,379,'Color','Acero'),(11039,379,'Garantía','1 Año'),(11040,379,'Modelo','FZ-619G'),(11041,379,'Capacidad','2.0 Litros'),(11042,379,'Potencia','1800W'),(11043,379,'Material','Cuerpo de Vidrio Borosilicato resistente al calor y base de Acero Inoxidable'),(11044,379,'Seguridad','Apagado automático al hervir y protección contra funcionamiento en seco'),(11045,379,'Luz','Iluminación LED interna'),(11046,379,'Filtro','Filtro de malla fina en el pico'),(11047,379,'Base','Base inalámbrica con conexión multidireccional'),(11048,379,'Voltaje','220V'),(11049,379,'Peso','1.2kg'),(11050,380,'Alto','27 cm'),(11051,380,'Ancho','22 cm'),(11052,380,'Profundidad','22 cm'),(11053,380,'Color','Acero Inoxidable'),(11054,380,'Garantía','1 Año'),(11055,380,'Modelo','CK-664HR'),(11056,380,'Capacidad','2.0 Litros'),(11057,380,'Potencia','2200W'),(11058,380,'Material','Acero Inoxidable de alta calidad'),(11059,380,'Elemento Calefactor','Oculto'),(11060,380,'Seguridad','Apagado automático y Tapa con cierre de seguridad'),(11061,380,'Filtro','Filtro Lavable para impurezas'),(11062,380,'Base','Desmontable con giro de 360°'),(11063,380,'Indicadores','Luz de encendido iluminada'),(11064,380,'Voltaje','220V'),(11065,380,'Peso','1kg'),(11066,381,'Alto','25 cm'),(11067,381,'Ancho','21 cm'),(11068,381,'Profundidad','17 cm'),(11069,381,'Color','Celeste / Verde / Morado'),(11070,381,'Garantía','1 Año'),(11071,381,'Modelo','BK-234H'),(11072,381,'Capacidad','2.0 Litros'),(11073,381,'Potencia','2200W'),(11074,381,'Material','Plástico térmico de alta resistencia'),(11075,381,'Elemento Calefactor','Oculto'),(11076,381,'Seguridad','Apagado automático y protección contra ebullición en seco'),(11077,381,'Filtro','Filtro de impurezas extraíble y lavable'),(11078,381,'Base','Desmontable inalámbrica con giro 360°'),(11079,381,'Indicadores','Visor de nivel de agua y luz de encendido'),(11080,381,'Voltaje','220V'),(11081,382,'Alto','23 cm'),(11082,382,'Ancho','46 cm'),(11083,382,'Profundidad','30 cm'),(11084,382,'Color','Inox'),(11085,382,'Garantía','1 Año'),(11086,382,'Modelo','OP7L'),(11087,382,'Capacidad','7 Litros'),(11088,382,'Material','Acero Inoxidable 18/10 de alta calidad'),(11089,382,'Seguridad','Válvula de presión reguladora y sistema de cierre de seguridad'),(11090,382,'Diámetro','24-28 cm'),(11091,382,'Compatibilidad','Apta para cocinas a Gas, Eléctricas e Inducción'),(11092,382,'Fondo','Triple fondo difusor de calor'),(11093,382,'Peso','Aprox. 3.5kg'),(11094,382,'Accesorios','Manual de usuario incluido'),(11095,383,'Alto','31 cm'),(11096,383,'Ancho','27 cm'),(11097,383,'Color','Plateado Espejo'),(11098,383,'Garantía','1 Año'),(11099,383,'Modelo','RS-P009L'),(11100,383,'Capacidad','9 Litros'),(11101,383,'Material','Acero Inoxidable 18/10 Grado Alimenticio'),(11102,383,'Seguridad','Tapa con ventana de seguridad, Válvula de escape y Válvula de seguridad adicional'),(11103,383,'Fondo','Doble fondo difusor térmico'),(11104,383,'Compatibilidad','Gas, Eléctrica, Inducción, Vitrocerámica'),(11105,383,'Mangos','Baquelita aislante de calor'),(11106,383,'Sistema De Cierre','Cierre hermético de seguridad'),(11107,383,'Peso','Aprox. 4.2kg'),(11108,384,'Alto','25 cm'),(11109,384,'Ancho','35 cm'),(11110,384,'Profundidad','28 cm'),(11111,384,'Color','Plateado Pulido'),(11112,384,'Garantía','1 Año'),(11113,384,'Modelo','OP5L'),(11114,384,'Capacidad','5 Litros'),(11115,384,'Material','Acero Inoxidable de alta calidad'),(11116,384,'Seguridad','Válvula de seguridad, liberación de presión rápida y cubierta antibloqueo'),(11117,384,'Limpieza','Apta para lavavajillas'),(11118,384,'Compatibilidad','Gas, Eléctrica e Inducción'),(11119,384,'Peso','Aprox. 2.8kg'),(11120,384,'Características','Resistente a altas temperaturas y mango antideslizante'),(11121,385,'Alto','22 cm'),(11122,385,'Ancho','34 cm'),(11123,385,'Color','Plateado Acabado Espejo'),(11124,385,'Garantía','1 Año'),(11125,385,'Modelo','Premier 5L'),(11126,385,'Capacidad','5 Litros'),(11127,385,'Material','Acero Inoxidable 18/10 de grado quirúrgico'),(11128,385,'Seguridad','Triple sistema de seguridad con apertura patentada de mínimo esfuerzo'),(11129,385,'Fondo','Termodifusor encapsulado de 4.06 mm'),(11130,385,'Compatibilidad','Apta para Inducción, Gas y Eléctrica'),(11131,385,'Mangos','Asas laterales termo-resistentes con remaches empotrados'),(11132,385,'Incluye','2 anillos de goma de repuesto y 2 silbatos adicionales'),(11133,385,'Peso','Aprox. 3.0kg'),(11134,386,'Alto','30 cm'),(11135,386,'Ancho','25 cm'),(11136,386,'Color','Plateado / Interior Antiadherente'),(11137,386,'Garantía','1 Año'),(11138,386,'Modelo','Premier 7L-A'),(11139,386,'Capacidad','7 Litros'),(11140,386,'Material','Acero Inoxidable con recubrimiento antiadherente de alta calidad'),(11141,386,'Seguridad','Múltiples dispositivos de seguridad y cierre hermético'),(11142,386,'Empaque','Anillo de silicona Anti-bacterial de larga duración'),(11143,386,'Compatibilidad','Apta para Inducción, Gas, Eléctrica y Lavavajillas'),(11144,386,'Rendimiento','Reduce el tiempo de cocción hasta en un 50%'),(11145,386,'Peso','Aprox. 3.8kg'),(11146,387,'Alto','36.9 cm'),(11147,387,'Ancho','41.5 cm'),(11148,387,'Profundidad','31.6 cm'),(11149,387,'Color','Rojo'),(11150,387,'Garantía','1 Año'),(11151,387,'Modelo','EAS31'),(11152,387,'Potencia','1800W'),(11153,387,'Capacidad','1.8 Litros'),(11154,387,'Filtro','Micro - HEPA lavable'),(11155,387,'Radio De Acción','7.5 metros'),(11156,387,'Nivel De Ruido','85dB'),(11157,387,'Accesorios','Tubo telescópico metálico 1.5m, Boquilla Turbo Mascota, Boquilla Suelos, Tapicería y Esquinas con cepillo'),(11158,387,'Peso Producto','6.27kg'),(11159,387,'Peso Embalaje','7.09kg'),(11160,387,'Medidas Empaque','41 x 36.5 x 48 cm'),(11161,387,'Tipo De Enchufe','2 pines redondos'),(11162,387,'Enrollador Automático','Sí'),(11163,388,'Alto','24.9 cm'),(11164,388,'Ancho','28.8 cm'),(11165,388,'Profundidad','43.5 cm'),(11166,388,'Color','Amarillo/Negro'),(11167,388,'Garantía','1 Año'),(11168,388,'Modelo','VC 2'),(11169,388,'Potencia','700W'),(11170,388,'Capacidad','2.8 Litros'),(11171,388,'Sistema De Filtrado','Filtro HEPA 12'),(11172,388,'Radio De Acción','7.5 metros'),(11173,388,'Nivel De Ruido','76 dB'),(11174,388,'Accesorios','Manguera 1.5m con asa curva, Tubo telescópico, Boquilla de suelo seca, Boquilla de rodapié y Cepillo para muebles'),(11175,388,'Peso Sin Accesorios','5.1kg'),(11176,388,'Características','Recogida de cable automática y posición de estacionamiento'),(11177,388,'Voltaje','220V');
/*!40000 ALTER TABLE `especificaciones` ENABLE KEYS */;
UNLOCK TABLES;

--
-- Table structure for table `filtro_opciones`
--

DROP TABLE IF EXISTS `filtro_opciones`;
/*!40101 SET @saved_cs_client     = @@character_set_client */;
/*!50503 SET character_set_client = utf8mb4 */;
CREATE TABLE `filtro_opciones` (
  `id_opcion` int NOT NULL AUTO_INCREMENT,
  `id_filtro` int NOT NULL,
  `valor` varchar(100) NOT NULL,
  `orden` int NOT NULL DEFAULT '0',
  PRIMARY KEY (`id_opcion`),
  KEY `id_filtro` (`id_filtro`),
  CONSTRAINT `filtro_opciones_ibfk_1` FOREIGN KEY (`id_filtro`) REFERENCES `filtros_categoria` (`id_filtro`)
) ENGINE=InnoDB AUTO_INCREMENT=256 DEFAULT CHARSET=utf8mb4 COLLATE=utf8mb4_0900_ai_ci;
/*!40101 SET character_set_client = @saved_cs_client */;

--
-- Dumping data for table `filtro_opciones`
--

LOCK TABLES `filtro_opciones` WRITE;
/*!40000 ALTER TABLE `filtro_opciones` DISABLE KEYS */;
/*!40000 ALTER TABLE `filtro_opciones` ENABLE KEYS */;
UNLOCK TABLES;

--
-- Table structure for table `filtros_categoria`
--

DROP TABLE IF EXISTS `filtros_categoria`;
/*!40101 SET @saved_cs_client     = @@character_set_client */;
/*!50503 SET character_set_client = utf8mb4 */;
CREATE TABLE `filtros_categoria` (
  `id_filtro` int NOT NULL AUTO_INCREMENT,
  `id_categoria` int NOT NULL,
  `campo` varchar(50) NOT NULL,
  `label` varchar(100) NOT NULL,
  `tipo` varchar(20) NOT NULL DEFAULT 'checkbox',
  `orden` int NOT NULL DEFAULT '0',
  `estado` tinyint(1) NOT NULL DEFAULT '1',
  PRIMARY KEY (`id_filtro`),
  KEY `id_categoria` (`id_categoria`),
  CONSTRAINT `filtros_categoria_ibfk_1` FOREIGN KEY (`id_categoria`) REFERENCES `categorias` (`id_categoria`)
) ENGINE=InnoDB AUTO_INCREMENT=128 DEFAULT CHARSET=utf8mb4 COLLATE=utf8mb4_0900_ai_ci;
/*!40101 SET character_set_client = @saved_cs_client */;

--
-- Dumping data for table `filtros_categoria`
--

LOCK TABLES `filtros_categoria` WRITE;
/*!40000 ALTER TABLE `filtros_categoria` DISABLE KEYS */;
/*!40000 ALTER TABLE `filtros_categoria` ENABLE KEYS */;
UNLOCK TABLES;

--
-- Table structure for table `galeria_imagenes`
--

DROP TABLE IF EXISTS `galeria_imagenes`;
/*!40101 SET @saved_cs_client     = @@character_set_client */;
/*!50503 SET character_set_client = utf8mb4 */;
CREATE TABLE `galeria_imagenes` (
  `id_imagen` int NOT NULL AUTO_INCREMENT,
  `id_producto` int DEFAULT NULL,
  `ruta_imagen` varchar(255) NOT NULL,
  `img_principal` tinyint DEFAULT '0',
  PRIMARY KEY (`id_imagen`),
  KEY `id_producto` (`id_producto`),
  CONSTRAINT `galeria_imagenes_ibfk_1` FOREIGN KEY (`id_producto`) REFERENCES `productos` (`id_producto`) ON DELETE CASCADE
) ENGINE=InnoDB AUTO_INCREMENT=2 DEFAULT CHARSET=utf8mb4 COLLATE=utf8mb4_0900_ai_ci;
/*!40101 SET character_set_client = @saved_cs_client */;

--
-- Dumping data for table `galeria_imagenes`
--

LOCK TABLES `galeria_imagenes` WRITE;
/*!40000 ALTER TABLE `galeria_imagenes` DISABLE KEYS */;
INSERT INTO `galeria_imagenes` VALUES (1,1,'prod_69d8061531682.webp',1);
/*!40000 ALTER TABLE `galeria_imagenes` ENABLE KEYS */;
UNLOCK TABLES;

--
-- Table structure for table `marcas`
--

DROP TABLE IF EXISTS `marcas`;
/*!40101 SET @saved_cs_client     = @@character_set_client */;
/*!50503 SET character_set_client = utf8mb4 */;
CREATE TABLE `marcas` (
  `id_marca` int NOT NULL AUTO_INCREMENT,
  `nombre` varchar(100) NOT NULL,
  `estado` tinyint DEFAULT '1',
  PRIMARY KEY (`id_marca`)
) ENGINE=InnoDB AUTO_INCREMENT=23 DEFAULT CHARSET=utf8mb4 COLLATE=utf8mb4_0900_ai_ci;
/*!40101 SET character_set_client = @saved_cs_client */;

--
-- Dumping data for table `marcas`
--

LOCK TABLES `marcas` WRITE;
/*!40000 ALTER TABLE `marcas` DISABLE KEYS */;
INSERT INTO `marcas` VALUES (1,'Samsung',1),(2,'Premier',1),(3,'Magefesa',1),(4,'Electrolux',1),(5,'Bosch',1),(6,'Romania',1),(7,'Sokany',1),(8,'Finezza',1),(9,'LG',1),(10,'Libero',1),(11,'Lorenzetti',1),(12,'Aghaso',1),(13,'Oster',1),(14,'Midea',1),(15,'Indurama',1),(16,'Bossko',1),(17,'Karcher',1),(18,'IKA',1),(19,'Xiaomi',1),(20,'Karcher',1),(21,'Klimatic',1),(22,'Panasonic',1);
/*!40000 ALTER TABLE `marcas` ENABLE KEYS */;
UNLOCK TABLES;

--
-- Table structure for table `productos`
--

DROP TABLE IF EXISTS `productos`;
/*!40101 SET @saved_cs_client     = @@character_set_client */;
/*!50503 SET character_set_client = utf8mb4 */;
CREATE TABLE `productos` (
  `id_producto` int NOT NULL AUTO_INCREMENT,
  `sku` varchar(100) NOT NULL,
  `nombre` varchar(255) NOT NULL,
  `id_categoria` int DEFAULT NULL,
  `id_marca` int DEFAULT NULL,
  `precio_regular` decimal(10,2) NOT NULL,
  `precio_oferta` decimal(10,2) DEFAULT NULL,
  `stock` int DEFAULT '0',
  `estado` tinyint DEFAULT '1',
  `atributos` json DEFAULT NULL,
  PRIMARY KEY (`id_producto`),
  UNIQUE KEY `sku` (`sku`),
  KEY `id_categoria` (`id_categoria`),
  KEY `id_marca` (`id_marca`),
  CONSTRAINT `productos_ibfk_1` FOREIGN KEY (`id_categoria`) REFERENCES `categorias` (`id_categoria`),
  CONSTRAINT `productos_ibfk_2` FOREIGN KEY (`id_marca`) REFERENCES `marcas` (`id_marca`)
) ENGINE=InnoDB AUTO_INCREMENT=686 DEFAULT CHARSET=utf8mb4 COLLATE=utf8mb4_0900_ai_ci;
/*!40101 SET character_set_client = @saved_cs_client */;

--
-- Dumping data for table `productos`
--

LOCK TABLES `productos` WRITE;
/*!40000 ALTER TABLE `productos` DISABLE KEYS */;
INSERT INTO `productos` VALUES (1,'20352401','Licuadora OSTER 1.5L 2174273 Silver',9,13,230.00,210.00,5,1,NULL),(2,'20352402','Licuadora OSTER 1.5L 2174286 Rojo',9,13,270.00,250.00,5,1,NULL),(290,'2113683','Licuadora clásica Oster® 3 velocidades con perilla ergonómica BLST4126R053',9,13,310.00,285.00,5,1,NULL),(291,'20214472','Licuadora OSTER 1.5L BLSTKAG-RPB-053 Rojo',9,13,180.00,165.00,5,1,NULL),(292,'2115920','Licuadora Clásica OSTER BLSTBPST-053 1.5L Negro',9,13,300.00,285.00,5,1,NULL),(293,'12333875','Licuadora OSTER 1.25L Clásica 3 velocidades BLST4655 Cromado',9,13,290.00,265.00,5,1,NULL),(294,'2114560','Licuadora OSTER 1.5L BLSTKAGNPB053 Silver',9,13,0.00,0.00,5,1,NULL),(295,'2120005','Licuadora Oster BLSTPBTG 053 Silver',9,13,480.00,450.00,5,1,NULL),(296,'11866880','Licuadora OSTER BLSTTDGNBG Silver',9,13,950.00,799.00,5,1,NULL),(297,'20271588','Licuadora OSTER 2L Xpert Tecnología Active Sense BLSTTDG-RGB-053',9,13,990.00,950.00,5,1,NULL),(298,'2125100','Licuadora OSTER 1.5L BLSTKAGRRD Control de Perilla Rojo',9,13,165.00,155.00,5,1,NULL),(299,'20178964','Licuadora OSTER BLST3AR2G053 Xpert',9,13,520.00,490.00,5,1,NULL),(300,'20216593','Licuadora OSTER 1.5L BLSTKAGMPB053 Sandía',9,13,170.00,158.00,5,1,NULL),(301,'2128200','Licuadora Oster BLSTKAGBPB 550W Negro',9,13,170.00,158.00,5,1,NULL),(302,'2128900','Licuadora Oster BLSTKAGWRD 550W dial',9,13,0.00,0.00,5,1,NULL),(303,'2068297','Licuadora Oster Xpert Series 2 lts Roja',9,13,560.00,510.00,5,1,NULL),(304,'20205226','Extractor de Jugos OSTER FPSTJE320S/2107387 Silver',10,13,325.00,280.00,5,1,NULL),(305,'1055172','Extractor de Jugos Oster 318C 1000W 1.25L',10,13,0.00,0.00,5,1,NULL),(306,'1826934','Extractor Oster FPSTJE317S051 Silver',10,13,320.00,285.00,5,1,NULL),(307,'20258403','Extractor de Juegos OSTER 1.25L FPSTJE317R051 Rojo',10,13,0.00,0.00,5,1,NULL),(308,'111311','Extractor De Jugo 150w Oster FPSTJE4000R 053',10,13,0.00,0.00,5,1,NULL),(309,'120640','Extractor de Jugos Oster de 600W FPSTJE320R 053',10,13,0.00,0.00,5,1,NULL),(310,'102029','Extractor de jugos Oster FPSTJE316W',10,13,0.00,0.00,5,1,NULL),(311,'20102853','Extractor de jugos Oster FPSTJE316R',10,13,0.00,0.00,5,1,NULL),(312,'12224109','Grill Parrilla Eléctrica Oster CKSTGR4768',11,13,210.00,180.00,5,1,NULL),(313,'111601','Parrilla Eléctrica OSTER CKSTGR5085053 Negro',11,13,230.00,220.00,5,1,NULL),(314,'116369','Olla Arrocera OSTER 1.8L CKSTRC1700R Rojo',12,13,120.00,99.00,5,1,NULL),(315,'125288','Arrocera con Freidora OSTER 10 en 1 2.2L Silver',12,13,0.00,0.00,5,1,NULL),(316,'1547409','Olla Arrocera OSTER 1.8L CKSTRC1700B053 Negro',12,13,0.00,0.00,5,1,NULL),(317,'2109210','Olla Arrocera Multiusos OSTER 1.8L CKSTRC8029M Sandía',12,13,150.00,129.00,5,1,NULL),(318,'2109220','Olla Arrocera Multiusos OSTER 2.2L CKSTRC7030S Silver',12,13,0.00,0.00,5,1,NULL),(319,'2109230','Olla Arrocera Multiusos OSTER 1.8L CKSTRC5731R Rojo',12,13,0.00,0.00,5,1,NULL),(320,'20235386','Olla Arrocera Multiusos OSTER 2.2L CKSTRC5730W-053 Blanco',12,13,0.00,0.00,5,1,NULL),(321,'20216948','Olla Arrocera Multiusos OSTER 1.8L CKSTRC7129S Silver',12,13,0.00,0.00,5,1,NULL),(322,'2109245','Olla Arrocera Multiusos OSTER 2.2L CKSTRC7130R Rojo',12,13,0.00,0.00,5,1,NULL),(323,'124290','Olla Arrocera Multifunción OSTER 2.2L 10 en 1 CKSTRC9030R Rojo',12,13,290.00,270.00,5,1,NULL),(324,'108050','Frigobar OSTER 122L PMB129WT Blanco',13,13,0.00,0.00,5,1,NULL),(325,'2110105','Frigobar ERD092MMG 90Lts',13,13,0.00,0.00,5,1,NULL),(326,'12304243','Frigobar ERD090G2HWG 90Lts Gris',13,13,559.00,499.00,5,1,NULL),(327,'130132','Frigobar ERD090G2HWB 90Lts Negra',13,13,0.00,0.00,5,1,NULL),(328,'113965','Frigobar ERTM87G2HQS 85LT Gris',13,13,650.00,599.00,5,1,NULL),(329,'126852','FRIGOBAR PICCOLO 90 LITROS KLIMATIC',13,13,0.00,0.00,5,1,NULL),(330,'1950174','Refrigerador-congelador LRT-200DFI Libero',24,10,0.00,0.00,5,0,NULL),(331,'2120105','Refrigerador-Congelador AGHASO REFR - AGH02 463L',24,12,0.00,0.00,5,0,NULL),(332,'11343060','Refrigeradora Electrolux Top Mount Frost 308L Gris ERT45G2HQI',24,4,0.00,0.00,5,1,NULL),(333,'127841','Refrigeradora INDURAMA 514L  RI-788D Croma',24,15,0.00,0.00,5,1,NULL),(334,'2401771','Refrigeradora 320L Indurama RI-639DN Negro',24,15,0.00,0.00,5,1,NULL),(335,'119446','Refrigeradora Indurama 379 LT  RI-469D',24,15,0.00,0.00,5,1,NULL),(336,'11357006','Refrigeradora 138L Electrolux ERT18G2HNI',24,4,0.00,0.00,5,1,NULL),(337,'12331721','Refrigeradora Indurama RI-289D 177L Croma',24,15,0.00,0.00,5,1,NULL),(338,'20205224','Batidora Planetaria OSTER FPSTSM3711/ 2114180 Negro',14,13,0.00,0.00,5,1,NULL),(339,'2140105','Batidora de Pedestal OSTER FPSTHS3612053 Blanco',14,13,0.00,0.00,5,1,NULL),(340,'20216483','Batidora de Mano OSTER FPSTHM3532-053 Blanco',14,13,0.00,0.00,5,1,NULL),(341,'12242218','Batidora Planetaria Oster FPSTSMPL3R 1000W',14,13,0.00,0.00,5,1,NULL),(342,'1854547','Batidora de Pedestal 6 velocidades Vidrio Blanco',14,13,0.00,0.00,5,1,NULL),(343,'2140120','Batidora Pedestal 2601-051 10 Velocidades Blanco',14,13,0.00,0.00,5,1,NULL),(344,'127332','Batidora de Pedestal OSTER FPSTHS3610053 Blanco',14,13,0.00,0.00,5,1,NULL),(345,'112213','Campana Extractora 60cm INDURAMA CEI-602CRP',16,15,350.00,310.00,5,1,NULL),(346,'127872','Campana Extractora 60cm INDURAMA CEI-602NE  Negro',16,15,350.00,299.00,5,1,NULL),(347,'81107','Campana Extractora 50cm Electrolux EJSE202TBJS',16,4,320.00,280.00,5,1,NULL),(348,'79793','Campana Extractora 80cm Electrolux Tradicional  EJSE302TBJS',16,4,0.00,0.00,5,1,NULL),(349,'70250','Campana Extractora 90cm Electrolux EJSE362TBIS',16,4,0.00,0.00,5,1,NULL),(350,'12332298','Campana Extractora 60cm Electrolux EJSE242TBIS',16,4,0.00,0.00,5,1,NULL),(351,'232784','Campana Extractora 90CM Midea Decorativa MJWV7336C4FS-PE',16,14,0.00,0.00,5,1,NULL),(352,'2160135','Campana Empotrada 60cm IKA',16,18,450.00,390.00,5,1,NULL),(353,'2160140','Campana Cilíndrica C/vidrio  IKA  ISLA',16,18,1500.00,1400.00,5,1,NULL),(354,'2160145','Campana Extractora 60cm IKA',16,18,0.00,0.00,5,1,NULL),(355,'20277761','Cocina INDURAMA Fontana a Gas 4 Quemadores',17,15,650.00,580.00,5,1,NULL),(356,'2250105','Cocina INDURAMA Vercelli 4 Quemadores',17,15,0.00,0.00,5,1,NULL),(357,'2250110','Cocina INDURAMA Alicante',17,15,0.00,0.00,5,1,NULL),(358,'2250115','Cocina AGHASO essential 4 hornillas',17,12,0.00,0.00,5,1,NULL),(359,'2250120','Cocina KLIMATIC Lucida 4 quemadores',17,21,0.00,0.00,5,1,NULL),(360,'2160776','Cocina INDURAMA Florencia Zafiro Croma 4 quemadores',17,15,0.00,0.00,5,1,NULL),(361,'11883953','Cocina ELECTROLUX  76GS  5 Quemadores',17,4,0.00,0.00,5,1,NULL),(362,'2250135','Cocina ELECTROLUX 52LPV 4 Quemadores',17,4,1300.00,1190.00,5,1,NULL),(363,'12332299','Cocina Encimera ELECTROLUX a Gas 75cm',18,4,990.00,890.00,5,1,NULL),(364,'2260105','Cocina Encimera ELECTROLUX a Gas 60cm',18,4,790.00,690.00,5,1,NULL),(365,'2260110','Cocina Encimera KLIMATIC a Gas 90Ccm GINA',18,21,950.00,849.00,5,1,NULL),(366,'2260115','Cocina Encimera KLIMATIC a Gas 60cn NINA',18,21,750.00,650.00,5,1,NULL),(367,'2260120','Cocina Encimera AGHASO a Gas 90cm',18,12,950.00,850.00,5,1,NULL),(368,'2260125','Cocina Encimera MIDEA a Gas 60cm',18,14,750.00,650.00,5,1,NULL),(369,'2260130','Cocina Encimera INDURAMA a Gas 90cm EGASI-905CGNE',18,15,0.00,0.00,5,1,NULL),(370,'2260135','Cocina Encimera INDURAMA a Gas 60cm EGI-604VDNEG',18,15,750.00,650.00,5,1,NULL),(371,'2260140','Cocina Encimera IKA a Gas 60cm Silver Acero Inoxidable',18,18,750.00,650.00,5,1,NULL),(372,'2260145','Cocina Encimera IKA a Gas 90cm',18,18,750.00,700.00,5,1,NULL),(373,'2260150','Cocina Encimera IKA a Gas 60cm Negro Vidrio Templado',18,18,700.00,650.00,5,1,NULL),(374,'2300100','Hervidora SOKANY 3lt SK-SH-1060',19,7,55.00,40.00,5,1,NULL),(375,'12331743','Hervidora INDURAMA 1.7lt  HI-INX',19,15,99.00,85.00,5,1,NULL),(376,'2300110','Hervidora MAGEFESA 1.7lt Blanca MGF3635',18,3,95.00,80.00,5,1,NULL),(377,'2300115','Hervidora MAGEFESA 1.7Lt. Lauca MGF3636',18,3,90.00,80.00,5,1,NULL),(378,'102098','Hervidora OSTER 1.7lt BVSTKT3177W',18,13,85.00,80.00,5,1,NULL),(379,'2300125','Hervidora FINEZZA 2.0 Lt',18,8,135.00,115.00,5,1,NULL),(380,'2300130','Hervidor Finezza 2Lt CK-664HR',18,8,0.00,0.00,5,1,NULL),(381,'2300145','Hervidora BOSSKO 2.0lt. BK-234H',18,16,0.00,0.00,5,1,NULL),(382,'2400100','Olla a presión ROMANIA 7lt. ACERO INOXI',20,6,150.00,125.00,5,1,NULL),(383,'2400105','Olla a presión ROMANIA 9lt. ACERO INOXI',20,6,0.00,0.00,5,1,NULL),(384,'2400110','Olla a presión ROMANIA 5lt. ACERO INOXI',20,6,0.00,0.00,5,1,NULL),(385,'2400115','Olla a presión PREMIER 5lt.',20,2,135.00,115.00,5,1,NULL),(386,'2400120','Olla a presión PREMIER 7.0lt.',20,2,0.00,0.00,5,1,NULL),(387,'2500100','Aspiradora ELECTRLUX 1.8L Turbo Clean EAS31',21,4,350.00,330.00,5,1,NULL),(388,'2500105','Aspiradora KARCHER VC 2',21,17,0.00,0.00,5,1,NULL);
/*!40000 ALTER TABLE `productos` ENABLE KEYS */;
UNLOCK TABLES;

--
-- Dumping routines for database 'defaultdb'
--
SET @@SESSION.SQL_LOG_BIN = @MYSQLDUMP_TEMP_LOG_BIN;
/*!40103 SET TIME_ZONE=@OLD_TIME_ZONE */;

/*!40101 SET SQL_MODE=@OLD_SQL_MODE */;
/*!40014 SET FOREIGN_KEY_CHECKS=@OLD_FOREIGN_KEY_CHECKS */;
/*!40014 SET UNIQUE_CHECKS=@OLD_UNIQUE_CHECKS */;
/*!40101 SET CHARACTER_SET_CLIENT=@OLD_CHARACTER_SET_CLIENT */;
/*!40101 SET CHARACTER_SET_RESULTS=@OLD_CHARACTER_SET_RESULTS */;
/*!40101 SET COLLATION_CONNECTION=@OLD_COLLATION_CONNECTION */;
/*!40111 SET SQL_NOTES=@OLD_SQL_NOTES */;

-- Dump completed on 2026-04-18 16:27:18
